Run,LibSize,IGF2_length,IGF2_counts,IGF2_countsMultipleMap,Reference,IGF1_length,IGF1_counts,IGF1_countsMultipleMap,file,Category,Subcategory,Phylogenetic_Cat,AvgSpotLen,BioProject,BioSample,LibraryLayout,Organism,Common.Name,Strain,Platform,Sample_Name,Tissue,Sex,Age,IGF1.RKGL,IGF2.RKGL,IGF1_Proportion,IGF2_Proportion,IGF1.plot,IGF2.plot
SRR12442713,29044918,552,2613,0,Afrosoricide_IGF1,588,901,0,SRR12442713_Counts.txt,Mammalia,Eutheria,Afrosoricide,101,PRJNA580502,SAMN15762677,SINGLE,Echinops telfairi,Lesser Hedgehog Tenrec,NA,ILLUMINA,RNAseq from Echinops telfairi (Tenrec) female Liver,Liver,Female,Adult,1532.313,4733.696,0.245,0.755,24.5,75.5
SRR12442816,23507592,552,3095,0,Afrosoricide_IGF1,588,540,0,SRR12442816_Counts.txt,Mammalia,Eutheria,Afrosoricide,101,PRJNA580502,SAMN15762683,SINGLE,Echinops telfairi,Lesser Hedgehog Tenrec,NA,ILLUMINA,RNAseq from Echinops telfairi (Tenrec) male Liver,Liver,Male,Adult,918.367,5606.884,0.141,0.859,14.1,85.9
SRR11301091,64718004,555,2422,507,Carnivora_IGF1,414,126,17,SRR11301091_Counts.txt,Mammalia,Eutheria,Carnivora,300,PRJNA612421,SAMN14372113,PAIRED,Ailuropoda melanoleuca,Giant Panda,NA,ILLUMINA,aml_HT_L,Liver,Female,Adult,304.348,4363.964,0.065,0.935,6.5,93.5
SRR11301092,40402786,555,367,82,Carnivora_IGF1,414,33,7,SRR11301092_Counts.txt,Mammalia,Eutheria,Carnivora,300,PRJNA612421,SAMN14372112,PAIRED,Ailuropoda melanoleuca,Giant Panda,NA,ILLUMINA,aml_CC_L,Liver,Male,Adult,79.71,661.261,0.108,0.892,10.8,89.2
SRR11301095,45897746,555,330,41,Carnivora_IGF1,414,71,14,SRR11301095_Counts.txt,Mammalia,Eutheria,Carnivora,300,PRJNA612421,SAMN14372111,PAIRED,Ailuropoda melanoleuca,Giant Panda,NA,ILLUMINA,aml_YS_L,Liver,Male,Adult,171.498,594.595,0.224,0.776,22.4,77.6
SRR2308103,77897614,555,666,176,Carnivora_IGF1,414,51,17,SRR2308103_Counts.txt,Mammalia,Eutheria,Carnivora,200,PRJNA293919,SAMN04012067,PAIRED,Ailuropoda melanoleuca,Giant Panda,NA,ILLUMINA,PandaM_liver,Liver,Male,Adult,123.188,1200,0.093,0.907,9.3,90.7
SRR5889315,139922064,555,53522,10620,Carnivora_IGF1,414,61,33,SRR5889315_Counts.txt,Mammalia,Eutheria,Carnivora,202,PRJNA396033,SAMN07419785,PAIRED,Canis lupus familiaris,Dog,NA,ILLUMINA,C3614_liver,Liver,Female,Juvenile,147.343,96436.036,0.002,0.998,0.2,99.8
SRR5889322,146949608,555,51878,10583,Carnivora_IGF1,414,21,13,SRR5889322_Counts.txt,Mammalia,Eutheria,Carnivora,202,PRJNA396033,SAMN07419780,PAIRED,Canis lupus familiaris,Dog,NA,ILLUMINA,C3594_liver,Liver,Male,Juvenile,50.725,93473.874,0.001,0.999,0.1,99.9
SRR5889330,145360434,555,58798,11910,Carnivora_IGF1,414,13,7,SRR5889330_Counts.txt,Mammalia,Eutheria,Carnivora,202,PRJNA396033,SAMN07419794,PAIRED,Canis lupus familiaris,Dog,NA,ILLUMINA,A1113_liver,Liver,Male,Juvenile,31.401,105942.342,0,1,0,100
SRR5889334,152199716,555,66628,13081,Carnivora_IGF1,414,9,7,SRR5889334_Counts.txt,Mammalia,Eutheria,Carnivora,202,PRJNA396033,SAMN07419790,PAIRED,Canis lupus familiaris,Dog,NA,ILLUMINA,C3662_liver,Liver,Female,Juvenile,21.739,120050.45,0,1,0,100
ERR1331678,152872584,555,1223,181,Carnivora_IGF1,414,2208,256,ERR1331678_Counts.txt,Mammalia,Eutheria,Carnivora,200,PRJEB13074,SAMEA3903338,PAIRED,Felis catus,Cat,NA,ILLUMINA,SAMEA3903338,Liver,Female,Adult,5333.333,2203.604,0.708,0.292,70.8,29.2
ERR1331679,75394500,555,848,117,Carnivora_IGF1,414,1269,79,ERR1331679_Counts.txt,Mammalia,Eutheria,Carnivora,200,PRJEB13074,SAMEA3903339,PAIRED,Felis catus,Cat,NA,ILLUMINA,SAMEA3903339,Liver,Female,Adult,3065.217,1527.928,0.667,0.333,66.7,33.3
ERR3417928,76453836,555,2629,183,Carnivora_IGF1,414,3041,66,ERR3417928_Counts.txt,Mammalia,Eutheria,Carnivora,300,PRJEB33381,SAMEA5760411,PAIRED,Felis catus,Cat,NA,ILLUMINA,E-MTAB-8122:do22632,Liver,Male,Adult,7345.411,4736.937,0.608,0.392,60.8,39.2
ERR3417934,204499876,555,13320,780,Carnivora_IGF1,414,17980,267,ERR3417934_Counts.txt,Mammalia,Eutheria,Carnivora,300,PRJEB33381,SAMEA5760417,PAIRED,Felis catus,Cat,NA,ILLUMINA,E-MTAB-8122:do22640,Liver,Male,Adult,43429.952,24000,0.644,0.356,64.4,35.6
SRR6131252,40744166,555,1189,169,Carnivora_IGF1,414,610,78,SRR6131252_Counts.txt,Mammalia,Eutheria,Carnivora,200,PRJNA413091,SAMN07736410,PAIRED,Ursus arctos,Brown Bear,NA,ILLUMINA,OLA,Liver,Female,NA,1473.43,2142.342,0.408,0.592,40.8,59.2
SRR6131259,42499984,555,1325,83,Carnivora_IGF1,414,749,77,SRR6131259_Counts.txt,Mammalia,Eutheria,Carnivora,200,PRJNA413091,SAMN07736399,PAIRED,Ursus arctos,Brown Bear,NA,ILLUMINA,PLA,Liver,Male,NA,1809.179,2387.387,0.431,0.569,43.1,56.9
SRR6131270,35438944,555,1367,139,Carnivora_IGF1,414,867,86,SRR6131270_Counts.txt,Mammalia,Eutheria,Carnivora,200,PRJNA413091,SAMN07736413,PAIRED,Ursus arctos,Brown Bear,NA,ILLUMINA,CLA,Liver,Female,NA,2094.203,2463.063,0.46,0.54,46,54
SRR6131275,39318372,555,908,92,Carnivora_IGF1,414,841,117,SRR6131275_Counts.txt,Mammalia,Eutheria,Carnivora,200,PRJNA413091,SAMN07736418,PAIRED,Ursus arctos,Brown Bear,NA,ILLUMINA,RLA,Liver,Male,NA,2031.401,1636.036,0.554,0.446,55.4,44.6
SRR10351389,22404808,759,1512,270,Cetartiodactyla_IGF1,465,216,15,SRR10351389_Counts.txt,Mammalia,Eutheria,Cetartiodactyla,200,PRJNA579776,SAMN13133491,PAIRED,Bos taurus,Cow,NA,ILLUMINA,LH-146,Liver,Female,Adolescent,464.516,1992.095,0.189,0.811,18.9,81.1
SRR10351390,22433024,759,1538,294,Cetartiodactyla_IGF1,465,433,35,SRR10351390_Counts.txt,Mammalia,Eutheria,Cetartiodactyla,200,PRJNA579776,SAMN13133490,PAIRED,Bos taurus,Cow,NA,ILLUMINA,LH-132,Liver,Male,Adult,931.183,2026.35,0.315,0.685,31.5,68.5
SRR10351396,23124694,759,2351,397,Cetartiodactyla_IGF1,465,287,22,SRR10351396_Counts.txt,Mammalia,Eutheria,Cetartiodactyla,200,PRJNA579776,SAMN13133480,PAIRED,Bos taurus,Cow,NA,ILLUMINA,LH-070,Liver,Male,Adult,617.204,3097.497,0.166,0.834,16.6,83.4
SRR10351397,22785190,759,1498,301,Cetartiodactyla_IGF1,465,112,14,SRR10351397_Counts.txt,Mammalia,Eutheria,Cetartiodactyla,200,PRJNA579776,SAMN13133479,PAIRED,Bos taurus,Cow,NA,ILLUMINA,LH-048,Liver,Female,Adult,240.86,1973.65,0.109,0.891,10.9,89.1
SRR4183461,60458860,759,2887,676,Cetartiodactyla_IGF1,465,95,21,SRR4183461_Counts.txt,Mammalia,Eutheria,Cetartiodactyla,300,PRJNA341921,SAMN05730174,PAIRED,Bubalus bubalis,Water Buffalo,NA,ILLUMINA,A5C1,Liver,Female,Juvenile,204.301,3803.689,0.051,0.949,5.1,94.9
SRR4183463,45620388,759,4827,1169,Cetartiodactyla_IGF1,465,96,19,SRR4183463_Counts.txt,Mammalia,Eutheria,Cetartiodactyla,300,PRJNA341921,SAMN05730174,PAIRED,Bubalus bubalis,Water Buffalo,NA,ILLUMINA,A5C1,Liver,Female,Juvenile,206.452,6359.684,0.031,0.969,3.1,96.9
SRR4183466,65479618,759,11683,2865,Cetartiodactyla_IGF1,465,280,32,SRR4183466_Counts.txt,Mammalia,Eutheria,Cetartiodactyla,300,PRJNA341921,SAMN05730196,PAIRED,Bubalus bubalis,Water Buffalo,NA,ILLUMINA,A6C1,Liver,Male,Juvenile,602.151,15392.622,0.038,0.962,3.8,96.2
SRR4183467,57903852,759,8813,2324,Cetartiodactyla_IGF1,465,581,77,SRR4183467_Counts.txt,Mammalia,Eutheria,Cetartiodactyla,300,PRJNA341921,SAMN05730198,PAIRED,Bubalus bubalis,Water Buffalo,NA,ILLUMINA,A6C2,Liver,Male,Juvenile,1249.462,11611.331,0.097,0.903,9.7,90.3
SRR7755129,61887012,759,2049,693,Cetartiodactyla_IGF1,465,76,26,SRR7755129_Counts.txt,Mammalia,Eutheria,Cetartiodactyla,300,PRJNA485657,SAMN09811928,PAIRED,Ovis aries,Sheep,NA,ILLUMINA,ganzang20,Liver,Female,Adolescent,163.441,2699.605,0.057,0.943,5.7,94.3
SRR7755130,62184572,759,8444,2462,Cetartiodactyla_IGF1,465,2747,500,SRR7755130_Counts.txt,Mammalia,Eutheria,Cetartiodactyla,300,PRJNA485657,SAMN09811929,PAIRED,Ovis aries,Sheep,NA,ILLUMINA,ganzang21,Liver,Female,Adolescent,5907.527,11125.165,0.347,0.653,34.7,65.3
SRR7755131,53912532,759,4859,1441,Cetartiodactyla_IGF1,465,1368,314,SRR7755131_Counts.txt,Mammalia,Eutheria,Cetartiodactyla,300,PRJNA485657,SAMN09811926,PAIRED,Ovis aries,Sheep,NA,ILLUMINA,ganzang16,Liver,Male,Adolescent,2941.935,6401.845,0.315,0.685,31.5,68.5
SRR7755134,60937186,759,7948,2656,Cetartiodactyla_IGF1,465,1521,347,SRR7755134_Counts.txt,Mammalia,Eutheria,Cetartiodactyla,300,PRJNA485657,SAMN09811925,PAIRED,Ovis aries,Sheep,NA,ILLUMINA,ganzang14,Liver,Male,Adolescent,3270.968,10471.673,0.238,0.762,23.8,76.2
SRR8271539,45000498,759,17428,4596,Cetartiodactyla_IGF1,465,98,8,SRR8271539_Counts.txt,Mammalia,Eutheria,Cetartiodactyla,200,PRJNA507853,SAMN10516937,PAIRED,Sus scrofa,Wild Boar,NA,ILLUMINA,DLY5-L,Liver,Female,NA,210.753,22961.792,0.009,0.991,0.9,99.1
SRR8271543,45474990,759,14997,4500,Cetartiodactyla_IGF1,465,325,37,SRR8271543_Counts.txt,Mammalia,Eutheria,Cetartiodactyla,200,PRJNA507853,SAMN10516933,PAIRED,Sus scrofa,Wild Boar,NA,ILLUMINA,DLY2-L,Liver,Male,NA,698.925,19758.893,0.034,0.966,3.4,96.6
SRR8272593,50459696,759,17385,4424,Cetartiodactyla_IGF1,465,284,28,SRR8272593_Counts.txt,Mammalia,Eutheria,Cetartiodactyla,200,PRJNA507853,SAMN10517739,PAIRED,Sus scrofa,Wild Boar,NA,ILLUMINA,DLY6-L,Liver,Female,NA,610.753,22905.138,0.026,0.974,2.6,97.4
SRR8272597,48151282,759,35313,8455,Cetartiodactyla_IGF1,465,203,22,SRR8272597_Counts.txt,Mammalia,Eutheria,Cetartiodactyla,200,PRJNA507853,SAMN10517735,PAIRED,Sus scrofa,Wild Boar,NA,ILLUMINA,DLY3-L,Liver,Male,NA,436.559,46525.692,0.009,0.991,0.9,99.1
SRR7910151,63491730,552,241,51,Chiroptera_IGF1,582,3387,436,SRR7910151_Counts.txt,Mammalia,Eutheria,Chiroptera,202,PRJNA490553,SAMN10039884,PAIRED,Artibeus jamaicensis,Jamaican Fruit Bat,NA,ILLUMINA,Aj_03,Liver,NA,Adult,5819.588,436.594,0.93,0.07,93,7
SRR7910153,60709980,552,327,53,Chiroptera_IGF1,582,5131,562,SRR7910153_Counts.txt,Mammalia,Eutheria,Chiroptera,202,PRJNA490553,SAMN10039882,PAIRED,Artibeus jamaicensis,Jamaican Fruit Bat,NA,ILLUMINA,Aj_01,Liver,NA,Adult,8816.151,592.391,0.937,0.063,93.7,6.3
SRR7910154,39004444,552,162,42,Chiroptera_IGF1,582,1964,224,SRR7910154_Counts.txt,Mammalia,Eutheria,Chiroptera,202,PRJNA490553,SAMN10039883,PAIRED,Artibeus jamaicensis,Jamaican Fruit Bat,NA,ILLUMINA,Aj_02,Liver,NA,Adult,3374.57,293.478,0.92,0.08,92,8
SRR7910149,57210002,552,474,128,Chiroptera_IGF1,582,473,91,SRR7910149_Counts.txt,Mammalia,Eutheria,Chiroptera,202,PRJNA490553,SAMN10039886,PAIRED,Mormoops megalophylla,Ghost-faced Bat,NA,ILLUMINA,Mm_02,Liver,NA,Adult,812.715,858.696,0.486,0.514,48.6,51.4
SRR7910150,30037378,552,463,65,Chiroptera_IGF1,582,420,34,SRR7910150_Counts.txt,Mammalia,Eutheria,Chiroptera,202,PRJNA490553,SAMN10039887,PAIRED,Mormoops megalophylla,Ghost-faced Bat,NA,ILLUMINA,Mm_03,Liver,NA,Adult,721.649,838.768,0.462,0.538,46.2,53.8
SRR7910152,44358318,552,1008,198,Chiroptera_IGF1,582,904,128,SRR7910152_Counts.txt,Mammalia,Eutheria,Chiroptera,202,PRJNA490553,SAMN10039885,PAIRED,Mormoops megalophylla,Ghost-faced Bat,NA,ILLUMINA,Mm_01,Liver,NA,Adult,1553.265,1826.087,0.46,0.54,46,54
SRR7910147,31217148,552,625,185,Chiroptera_IGF1,582,1071,205,SRR7910147_Counts.txt,Mammalia,Eutheria,Chiroptera,202,PRJNA490553,SAMN10039888,PAIRED,Myotis keaysi,Hairy-legged Myotis,NA,ILLUMINA,Mk_01,Liver,NA,Adult,1840.206,1132.246,0.619,0.381,61.9,38.1
SRR7910148,53086564,552,981,199,Chiroptera_IGF1,582,1282,220,SRR7910148_Counts.txt,Mammalia,Eutheria,Chiroptera,202,PRJNA490553,SAMN10039889,PAIRED,Myotis keaysi,Hairy-legged Myotis,NA,ILLUMINA,Mk_02,Liver,NA,Adult,2202.749,1777.174,0.553,0.447,55.3,44.7
SRR7910155,58798880,552,1121,365,Chiroptera_IGF1,582,2476,655,SRR7910155_Counts.txt,Mammalia,Eutheria,Chiroptera,202,PRJNA490553,SAMN10039890,PAIRED,Myotis keaysi,Hairy-legged Myotis,NA,ILLUMINA,Mk_03,Liver,NA,Adult,4254.296,2030.797,0.677,0.323,67.7,32.3
SRR7910145,51066652,552,67,5,Chiroptera_IGF1,582,2152,390,SRR7910145_Counts.txt,Mammalia,Eutheria,Chiroptera,202,PRJNA490553,SAMN10039892,PAIRED,Nyctinomops laticaudatus,Broad-eared Bat,NA,ILLUMINA,Nl_02,Liver,NA,Adult,3697.595,121.377,0.968,0.032,96.8,3.2
SRR7910146,62229756,552,11,1,Chiroptera_IGF1,582,2281,464,SRR7910146_Counts.txt,Mammalia,Eutheria,Chiroptera,202,PRJNA490553,SAMN10039893,PAIRED,Nyctinomops laticaudatus,Broad-eared Bat,NA,ILLUMINA,Nl_03,Liver,NA,Adult,3919.244,19.928,0.995,0.005,99.5,0.5
SRR7910156,67914358,552,62,14,Chiroptera_IGF1,582,1927,443,SRR7910156_Counts.txt,Mammalia,Eutheria,Chiroptera,202,PRJNA490553,SAMN10039891,PAIRED,Nyctinomops laticaudatus,Broad-eared Bat,NA,ILLUMINA,Nl_01,Liver,NA,Adult,3310.997,112.319,0.967,0.033,96.7,3.3
SRR7910142,43688656,552,617,215,Chiroptera_IGF1,582,610,120,SRR7910142_Counts.txt,Mammalia,Eutheria,Chiroptera,202,PRJNA490553,SAMN10039896,PAIRED,Peropteryx macrotis,Lesser Dog-like Bat,NA,ILLUMINA,Pm_03,Liver,NA,Adult,1048.11,1117.754,0.484,0.516,48.4,51.6
SRR7910143,54182084,552,1030,288,Chiroptera_IGF1,582,804,168,SRR7910143_Counts.txt,Mammalia,Eutheria,Chiroptera,202,PRJNA490553,SAMN10039894,PAIRED,Peropteryx macrotis,Lesser Dog-like Bat,NA,ILLUMINA,Pm_01,Liver,NA,Adult,1381.443,1865.942,0.425,0.575,42.5,57.5
SRR7910144,59359890,552,1292,358,Chiroptera_IGF1,582,734,138,SRR7910144_Counts.txt,Mammalia,Eutheria,Chiroptera,202,PRJNA490553,SAMN10039895,PAIRED,Peropteryx macrotis,Lesser Dog-like Bat,NA,ILLUMINA,Pm_02,Liver,NA,Adult,1261.168,2340.58,0.35,0.65,35,65
SRR8858519,84483102,552,155,9,Chiroptera_IGF1,582,1245,103,SRR8858519_Counts.txt,Mammalia,Eutheria,Chiroptera,302,PRJNA531095,SAMN11349725,PAIRED,Pteropus alecto,Black Flying Fox,NA,ILLUMINA,GSM3712045,Liver,NA,Adult,2139.175,280.797,0.884,0.116,88.4,11.6
SRR8858520,98254664,552,1055,72,Chiroptera_IGF1,582,6068,539,SRR8858520_Counts.txt,Mammalia,Eutheria,Chiroptera,302,PRJNA531095,SAMN11349724,PAIRED,Pteropus alecto,Black Flying Fox,NA,ILLUMINA,GSM3712046,Liver,NA,Adult,10426.117,1911.232,0.845,0.155,84.5,15.5
SRR8858521,76172492,552,534,38,Chiroptera_IGF1,582,3242,262,SRR8858521_Counts.txt,Mammalia,Eutheria,Chiroptera,302,PRJNA531095,SAMN11349723,PAIRED,Pteropus alecto,Black Flying Fox,NA,ILLUMINA,GSM3712047,Liver,NA,Adult,5570.447,967.391,0.852,0.148,85.2,14.8
SRR8858522,88808284,552,841,73,Chiroptera_IGF1,582,5143,433,SRR8858522_Counts.txt,Mammalia,Eutheria,Chiroptera,302,PRJNA531095,SAMN11349722,PAIRED,Pteropus alecto,Black Flying Fox,NA,ILLUMINA,GSM3712048,Liver,NA,Adult,8836.77,1523.551,0.853,0.147,85.3,14.7
SRR2914059,166467296,552,67,0,Chiroptera_IGF1,582,9061,617,SRR2914059_Counts.txt,Mammalia,Eutheria,Chiroptera,250,PRJNA300284,SAMN04262207,PAIRED,Rousettus aegyptiacus,Egyptian Fruit Bat,NA,ILLUMINA,BAT07,Liver,Female,Adult,15568.729,121.377,0.992,0.008,99.2,0.8
SRR2914369,50823472,552,16,0,Chiroptera_IGF1,582,2726,172,SRR2914369_Counts.txt,Mammalia,Eutheria,Chiroptera,250,PRJNA300284,SAMN04262217,PAIRED,Rousettus aegyptiacus,Egyptian Fruit Bat,NA,ILLUMINA,BAT17,Liver,Male,Adult,4683.849,28.986,0.994,0.006,99.4,0.6
SRR636883,32759112,552,60,18,Chiroptera_IGF1,582,1824,522,SRR636883_Counts.txt,Mammalia,Eutheria,Chiroptera,102,PRJNA184055,SAMN01831900,PAIRED,Tadarida brasiliensis,Mexican Free-tailed Bat,NA,ILLUMINA,GSM1055033,Liver,Male,Adult,3134.021,108.696,0.966,0.034,96.6,3.4
SRR636884,24793922,552,14,6,Chiroptera_IGF1,582,1558,478,SRR636884_Counts.txt,Mammalia,Eutheria,Chiroptera,102,PRJNA184055,SAMN01831901,PAIRED,Tadarida brasiliensis,Mexican Free-tailed Bat,NA,ILLUMINA,GSM1055034,Liver,Male,Adult,2676.976,25.362,0.991,0.009,99.1,0.9
SRR636885,26872074,552,111,45,Chiroptera_IGF1,582,1223,373,SRR636885_Counts.txt,Mammalia,Eutheria,Chiroptera,102,PRJNA184055,SAMN01831902,PAIRED,Tadarida brasiliensis,Mexican Free-tailed Bat,NA,ILLUMINA,GSM1055035,Liver,Male,Adult,2101.375,201.087,0.913,0.087,91.3,8.7
ERR1331704,218347580,561,10363,808,Oposssum_IGF1_XM_007503333,462,1218,466,ERR1331704_Counts.txt,Mammalia,Methatheria,Dasyuridae,200,PRJEB13074,SAMEA3903364,PAIRED,Sarcophilus harrisii,Tasmanian devil,NA,ILLUMINA,SAMEA3903364,Liver,Male,adult,2636.364,18472.371,0.125,0.875,12.5,87.5
ERR1331711,65438474,561,1844,200,Oposssum_IGF1_XM_007503333,462,69,37,ERR1331711_Counts.txt,Mammalia,Methatheria,Dasyuridae,200,PRJEB13074,SAMEA3903371,PAIRED,Sarcophilus harrisii,Tasmanian devil,NA,ILLUMINA,SAMEA3903371,Liver,Female,adult,149.351,3286.988,0.043,0.957,4.3,95.7
SRR3901718,27098634,561,454,166,Oposssum_IGF1_XM_007503333,462,84,54,SRR3901718_Counts.txt,Mammalia,Methatheria,Didelphidae,202,PRJNA323970,SAMN05185332,PAIRED,Cercartetus concinnus,Western Pygmy Possum,NA,ILLUMINA,Cercartetus concinnus (SAMA M21826),Liver,NA,NA,181.818,809.269,0.183,0.817,18.3,81.7
SRR3901714,31970602,561,87,33,Oposssum_IGF1_XM_007503333,462,112,76,SRR3901714_Counts.txt,Mammalia,Methatheria,Didelphidae,202,PRJNA323970,SAMN05185328,PAIRED,Dactylopsila trivirgata,Striped Possum,NA,ILLUMINA,Dactylopsila trivirgata (AMS M19063),Liver,NA,NA,242.424,155.08,0.61,0.39,61,39
ERR1331668,116470902,561,4,0,Oposssum_IGF1_XM_007503333,462,932,370,ERR1331668_Counts.txt,Mammalia,Methatheria,Didelphidae,200,PRJEB13074,SAMEA3903328,PAIRED,Monodelphis domestica,Gray short-tailed oppossum,NA,ILLUMINA,SAMEA3903328,Liver,Male,Adult,2017.316,7.13,0.996,0.004,99.6,0.4
ERR1331710,58370792,561,4,0,Oposssum_IGF1_XM_007503333,462,514,122,ERR1331710_Counts.txt,Mammalia,Methatheria,Didelphidae,250,PRJEB13074,SAMEA3903370,PAIRED,Monodelphis domestica,Gray short-tailed oppossum,NA,ILLUMINA,SAMEA3903370,Liver,Male,adult,1112.554,7.13,0.994,0.006,99.4,0.6
ERR2716205,124088166,561,299,57,Oposssum_IGF1_XM_007503333,462,31,19,ERR2716205_Counts.txt,Mammalia,Methatheria,Diprotodontia,199,PRJEB27887,SAMEA4802532,PAIRED,Vombatus ursinus,Common Wombat,NA,ILLUMINA,SAMEA4802532,Liver,NA,NA,67.1,532.977,0.112,0.888,11.2,88.8
ERR2716206,53264700,561,134,20,Oposssum_IGF1_XM_007503333,462,16,10,ERR2716206_Counts.txt,Mammalia,Methatheria,Diprotodontia,200,PRJEB27887,SAMEA4802532,PAIRED,Vombatus ursinus,Common Wombat,NA,ILLUMINA,SAMEA4802532,Liver,NA,NA,34.632,238.859,0.127,0.873,12.7,87.3
SRR12442732,51965311,720,3,0,Eulipotyphla_IGF1,480,1216,0,SRR12442732_Counts.txt,Mammalia,Eutheria,Eulipotyphla,101,PRJNA580502,SAMN15762662,SINGLE,Atelerix albiventris,Four-toed Hedgehog,NA,ILLUMINA,RNAseq from Atelerix albiventris (Hedgehog) male Liver,Liver,Male,Adult,2533.333,4.167,0.998,0.002,99.8,0.2
SRR12442739,22573007,720,12,0,Eulipotyphla_IGF1,480,613,0,SRR12442739_Counts.txt,Mammalia,Eutheria,Eulipotyphla,101,PRJNA580502,SAMN15762656,SINGLE,Atelerix albiventris,Four-toed Hedgehog,NA,ILLUMINA,RNAseq from Atelerix albiventris (Hedgehog) female Liver,Liver,Female,Adult,1277.083,16.667,0.987,0.013,98.7,1.3
SRR636852,32021620,720,0,0,Eulipotyphla_IGF1,480,157,141,SRR636852_Counts.txt,Mammalia,Eutheria,Eulipotyphla,102,PRJNA184055,SAMN01831869,PAIRED,Erinaceus europaeus,European Hedgehog,NA,ILLUMINA,GSM1055002,Liver,Male,Adult,327.083,0,1,0,100,0
SRR636853,25846538,720,0,0,Eulipotyphla_IGF1,480,190,182,SRR636853_Counts.txt,Mammalia,Eutheria,Eulipotyphla,102,PRJNA184055,SAMN01831870,PAIRED,Erinaceus europaeus,European Hedgehog,NA,ILLUMINA,GSM1055003,Liver,Male,Adult,395.833,0,1,0,100,0
SRR636878,26547292,720,0,0,Eulipotyphla_IGF1,480,4,4,SRR636878_Counts.txt,Mammalia,Eutheria,Eulipotyphla,102,PRJNA184055,SAMN01831895,PAIRED,Suncus murinus,Asian House Shrew,NA,ILLUMINA,GSM1055028,Liver,Male,Adult,8.333,0,1,0,100,0
SRR636879,27194878,720,0,0,Eulipotyphla_IGF1,480,2,2,SRR636879_Counts.txt,Mammalia,Eutheria,Eulipotyphla,102,PRJNA184055,SAMN01831896,PAIRED,Suncus murinus,Asian House Shrew,NA,ILLUMINA,GSM1055029,Liver,Male,Adult,4.167,0,1,0,100,0
SRR5133280,22273832,546,5148,250,Lagomorpha_IGF1,495,2895,189,SRR5133280_Counts.txt,Mammalia,Eutheria,Lagomorpha,202,PRJNA358867,SAMN06186761,PAIRED,Lepus timidus,Mountain Hare,NA,ILLUMINA,Ltim_Ireland_3102,Liver,Male,Adult,5848.485,9428.571,0.383,0.617,38.3,61.7
SRR5133281,18265114,546,2384,92,Lagomorpha_IGF1,495,1286,119,SRR5133281_Counts.txt,Mammalia,Eutheria,Lagomorpha,202,PRJNA358867,SAMN06186728,PAIRED,Lepus timidus,Mountain Hare,NA,ILLUMINA,Ltim_Alps_3113,Liver,Female,Adult,2597.98,4366.3,0.373,0.627,37.3,62.7
SRR5133282,22118322,546,3732,118,Lagomorpha_IGF1,495,4314,279,SRR5133282_Counts.txt,Mammalia,Eutheria,Lagomorpha,202,PRJNA358867,SAMN06186748,PAIRED,Lepus timidus,Mountain Hare,NA,ILLUMINA,Ltim_Ireland_3101,Liver,Female,Adult,8715.152,6835.165,0.56,0.44,56,44
SRR5133286,29252386,546,4034,202,Lagomorpha_IGF1,495,2932,309,SRR5133286_Counts.txt,Mammalia,Eutheria,Lagomorpha,202,PRJNA358867,SAMN06186729,PAIRED,Lepus timidus,Mountain Hare,NA,ILLUMINA,Ltim_Alps_3114,Liver,Male,Adult,5923.232,7388.278,0.445,0.555,44.5,55.5
SRR5412237,47206615,720,1145,0,Platypus_IGF1,456,184,0,SRR5412237_Counts.txt,Mammalia,Monotreme,Monotreme,101,PRJNA381064,SAMN06679885,SINGLE,Ornithorhynchus anatinus,Platypus,NA,Illumina,GSM2563098,Liver,Male,adult,403.509,1590.278,0.202,0.798,20.2,79.8
SRR3901713,36936338,561,324,79,Oposssum_IGF1_XM_007503333,462,29,23,SRR3901713_Counts.txt,Mammalia,Methatheria,Peramelidae,202,PRJNA323970,SAMN05185327,PAIRED,Isoodon obesulus,Southern Brown Bandicoot,NA,ILLUMINA,Isoodon obesulus (SAMA M20845),Liver,NA,NA,62.771,577.54,0.098,0.902,9.8,90.2
SRR5840031,242922786,561,12178,1355,Oposssum_IGF1_XM_007503333,462,383,213,SRR5840031_Counts.txt,Mammalia,Methatheria,Peramelidae,200,PRJNA394906,SAMN07363071,PAIRED,Perameles nasuta,Long-nosed Bandicoot,NA,ILLUMINA,Liver,Liver,Male,adult,829.004,21707.665,0.037,0.963,3.7,96.3
ERR3417940,176666642,708,4222,186,Perissodactyla_IGF1,504,3383,164,ERR3417940_Counts.txt,Mammalia,Eutheria,Perissodactyla,300,PRJEB33381,SAMEA5760424,PAIRED,Equus caballus,Horse,NA,ILLUMINA,E-MTAB-8122:do22647,Liver,Male,Adult,6712.302,5963.277,0.53,0.47,53,47
ERR3417956,148679790,708,1660,66,Perissodactyla_IGF1,504,1137,55,ERR3417956_Counts.txt,Mammalia,Eutheria,Perissodactyla,300,PRJEB33381,SAMEA5760440,PAIRED,Equus caballus,Horse,NA,ILLUMINA,E-MTAB-8122:do22665,Liver,Male,Adult,2255.952,2344.633,0.49,0.51,49,51
SRR10140550,74773062,708,909,35,Perissodactyla_IGF1,504,649,41,SRR10140550_Counts.txt,Mammalia,Eutheria,Perissodactyla,252,PRJNA566207,SAMN12784275,PAIRED,Equus caballus,Horse,NA,ILLUMINA,AH2_Liver,Liver,Female,Adult,1287.698,1283.898,0.501,0.499,50.1,49.9
SRR10140551,73973048,708,1008,40,Perissodactyla_IGF1,504,710,37,SRR10140551_Counts.txt,Mammalia,Eutheria,Perissodactyla,252,PRJNA566207,SAMN12784274,PAIRED,Equus caballus,Horse,NA,ILLUMINA,AH1_Liver,Liver,Female,Adult,1408.73,1423.729,0.497,0.503,49.7,50.3
SRR7641080,41751576,834,3332,412,Pholidota_IGF1,564,609,292,SRR7641080_Counts.txt,Mammalia,Eutheria,Pholidota,298,PRJNA484322,SAMN09762699,PAIRED,Manis javanica,Sunda Pangolin,NA,ILLUMINA,ManisN-9,Liver,Female,Adult,1079.787,3995.204,0.213,0.787,21.3,78.7
SRR7641081,45719782,834,4163,533,Pholidota_IGF1,564,129,73,SRR7641081_Counts.txt,Mammalia,Eutheria,Pholidota,298,PRJNA484322,SAMN09762700,PAIRED,Manis javanica,Sunda Pangolin,NA,ILLUMINA,ManisN-10,Liver,Female,Adult,228.723,4991.607,0.044,0.956,4.4,95.6
SRR7641087,49255392,834,9228,1149,Pholidota_IGF1,564,59,25,SRR7641087_Counts.txt,Mammalia,Eutheria,Pholidota,298,PRJNA484322,SAMN09762701,PAIRED,Manis javanica,Sunda Pangolin,NA,ILLUMINA,ManisN-11,Liver,Female,Adult,104.61,11064.748,0.009,0.991,0.9,99.1
SRR7641088,55014822,834,6204,798,Pholidota_IGF1,564,117,61,SRR7641088_Counts.txt,Mammalia,Eutheria,Pholidota,298,PRJNA484322,SAMN09762702,PAIRED,Manis javanica,Sunda Pangolin,NA,ILLUMINA,ManisN-12,Liver,Female,Adult,207.447,7438.849,0.027,0.973,2.7,97.3
ERR1331675,68035704,735,940,109,Primate_IGF1,462,2352,262,ERR1331675_Counts.txt,Mammalia,Eutheria,Primate,200,PRJEB13074,SAMEA3903335,PAIRED,Callithrix jacchus,Common Marmoset,NA,ILLUMINA,SAMEA3903335,Liver,Male,Adult,5090.909,1278.912,0.799,0.201,79.9,20.1
ERR3417938,483864658,735,41109,1739,Primate_IGF1,462,19188,173,ERR3417938_Counts.txt,Mammalia,Eutheria,Primate,300,PRJEB33381,SAMEA5760422,PAIRED,Callithrix jacchus,Common Marmoset,NA,ILLUMINA,E-MTAB-8122:do22645,Liver,Female,Adult,41532.468,55930.612,0.426,0.574,42.6,57.4
ERR3417970,212900468,735,17337,708,Primate_IGF1,462,5571,53,ERR3417970_Counts.txt,Mammalia,Eutheria,Primate,300,PRJEB33381,SAMEA5760454,PAIRED,Callithrix jacchus,Common Marmoset,NA,ILLUMINA,E-MTAB-8122:do22680,Liver,Male,Adult,12058.442,23587.755,0.338,0.662,33.8,66.2
ERR3417975,209698266,735,16485,886,Primate_IGF1,462,10797,78,ERR3417975_Counts.txt,Mammalia,Eutheria,Primate,300,PRJEB33381,SAMEA5760459,PAIRED,Callithrix jacchus,Common Marmoset,NA,ILLUMINA,E-MTAB-8122:do22685,Liver,Male,Adult,23370.13,22428.571,0.51,0.49,51,49
ERR1331699,84054204,735,3800,563,Primate_IGF1,462,3616,366,ERR1331699_Counts.txt,Mammalia,Eutheria,Primate,200,PRJEB13074,SAMEA3903359,PAIRED,Chlorocebus sabaeus,Green Monkey,NA,ILLUMINA,SAMEA3903359,Liver,Female,Adult,7826.84,5170.068,0.602,0.398,60.2,39.8
ERR1331700,54225712,735,2167,357,Primate_IGF1,462,1495,161,ERR1331700_Counts.txt,Mammalia,Eutheria,Primate,200,PRJEB13074,SAMEA3903360,PAIRED,Chlorocebus sabaeus,Green Monkey,NA,ILLUMINA,SAMEA3903360,Liver,Female,Adult,3235.931,2948.299,0.523,0.477,52.3,47.7
ERR1331702,30948288,735,1062,172,Primate_IGF1,462,1415,190,ERR1331702_Counts.txt,Mammalia,Eutheria,Primate,200,PRJEB13074,SAMEA3903362,PAIRED,Chlorocebus sabaeus,Green Monkey,NA,ILLUMINA,SAMEA3903362,Liver,Female,Adult,3062.771,1444.898,0.679,0.321,67.9,32.1
ERR1331693,195160356,735,3951,730,Primate_IGF1,462,1069,149,ERR1331693_Counts.txt,Mammalia,Eutheria,Primate,200,PRJEB13074,SAMEA3903353,PAIRED,Homo sapiens,Human,NA,ILLUMINA,SAMEA3903353,Liver,NA,Adult,2313.853,5375.51,0.301,0.699,30.1,69.9
ERR1331713,110724072,735,3626,593,Primate_IGF1,462,996,129,ERR1331713_Counts.txt,Mammalia,Eutheria,Primate,200,PRJEB13074,SAMEA3903373,PAIRED,Homo sapiens,Human,NA,ILLUMINA,SAMEA3903373,Liver,NA,Adult,2155.844,4933.333,0.304,0.696,30.4,69.6
ERR420388,56690698,735,1494,504,Primate_IGF1,462,338,134,ERR420388_Counts.txt,Mammalia,Eutheria,Primate,202,PRJEB5297,SAMEA2341985,PAIRED,Homo sapiens,Human,NA,ILLUMINA,SAMEA2341985,Liver,Male,Adult,731.602,2032.653,0.265,0.735,26.5,73.5
ERR420389,57710174,735,1408,450,Primate_IGF1,462,337,122,ERR420389_Counts.txt,Mammalia,Eutheria,Primate,202,PRJEB5297,SAMEA2341985,PAIRED,Homo sapiens,Human,NA,ILLUMINA,SAMEA2341985,Liver,Male,Adult,729.437,1915.646,0.276,0.724,27.6,72.4
ERR420390,51873562,735,31,7,Primate_IGF1,462,224,148,ERR420390_Counts.txt,Mammalia,Eutheria,Primate,202,PRJEB5297,SAMEA2341985,PAIRED,Homo sapiens,Human,NA,ILLUMINA,SAMEA2341985,Liver,Male,Adult,484.848,42.177,0.92,0.08,92,8
ERR420393,50546290,735,25,7,Primate_IGF1,462,209,149,ERR420393_Counts.txt,Mammalia,Eutheria,Primate,202,PRJEB5297,SAMEA2341985,PAIRED,Homo sapiens,Human,NA,ILLUMINA,SAMEA2341985,Liver,Male,Adult,452.381,34.014,0.93,0.07,93,7
ERR1331686,89632354,735,3057,419,Primate_IGF1,462,3727,337,ERR1331686_Counts.txt,Mammalia,Eutheria,Primate,200,PRJEB13074,SAMEA3903346,PAIRED,Macaca mulatta,Rhesus Macaque,NA,ILLUMINA,SAMEA3903346,Liver,Male,Adult,8067.1,4159.184,0.66,0.34,66,34
ERR1331687,74059930,735,2808,413,Primate_IGF1,462,1597,157,ERR1331687_Counts.txt,Mammalia,Eutheria,Primate,200,PRJEB13074,SAMEA3903347,PAIRED,Macaca mulatta,Rhesus Macaque,NA,ILLUMINA,SAMEA3903347,Liver,Female,Adult,3456.71,3820.408,0.475,0.525,47.5,52.5
ERR1331688,74854048,735,2048,306,Primate_IGF1,462,3757,343,ERR1331688_Counts.txt,Mammalia,Eutheria,Primate,200,PRJEB13074,SAMEA3903348,PAIRED,Macaca mulatta,Rhesus Macaque,NA,ILLUMINA,SAMEA3903348,Liver,Male,Adult,8132.035,2786.395,0.745,0.255,74.5,25.5
ERR1331689,79370832,735,2042,292,Primate_IGF1,462,2531,268,ERR1331689_Counts.txt,Mammalia,Eutheria,Primate,200,PRJEB13074,SAMEA3903349,PAIRED,Macaca mulatta,Rhesus Macaque,NA,ILLUMINA,SAMEA3903349,Liver,Male,Adult,5478.355,2778.231,0.664,0.336,66.4,33.6
SRR1181764,20116806,365,0,0,Mus_IGF1,414,6580,1591,SRR1181764_Counts.txt,Mammalia,Eutheria,Rodentia,202,PRJNA237340,SAMN02650573,PAIRED,Mus musculus,House Mouse,129S1/SvImJ,ILLUMINA,6 Months Old Adult 2 Liver (Strain 129S1/SvImJ),Liver,Male,Adult,15893.72,0,1,0,100,0
SRR1810228,33900250,365,0,0,Mus_IGF1,414,4848,330,SRR1810228_Counts.txt,Mammalia,Eutheria,Rodentia,198,PRJNA275761,SAMN03352457,PAIRED,Mus musculus,House Mouse,CD-1 (Charles River),ILLUMINA,GSM1612533,Liver,Male,Adult,11710.145,0,1,0,100,0
SRR1810229,49940456,365,4,0,Mus_IGF1,414,7711,538,SRR1810229_Counts.txt,Mammalia,Eutheria,Rodentia,198,PRJNA275761,SAMN03352442,PAIRED,Mus musculus,House Mouse,CD-1 (Charles River),ILLUMINA,GSM1612534,Liver,Male,Adult,18625.604,10.959,0.999,0.001,99.9,0.1
SRR1810230,38237514,365,6,2,Mus_IGF1,414,1140,92,SRR1810230_Counts.txt,Mammalia,Eutheria,Rodentia,198,PRJNA275761,SAMN03352471,PAIRED,Mus musculus,House Mouse,CD-1 (Charles River),ILLUMINA,GSM1612535,Liver,Male,Adult,2753.623,16.438,0.994,0.006,99.4,0.6
SRR1810231,51942524,365,0,0,Mus_IGF1,414,1385,135,SRR1810231_Counts.txt,Mammalia,Eutheria,Rodentia,198,PRJNA275761,SAMN03352466,PAIRED,Mus musculus,House Mouse,CD-1 (Charles River),ILLUMINA,GSM1612536,Liver,Male,Adult,3345.411,0,1,0,100,0
SRR1810232,39968118,365,4,0,Mus_IGF1,414,9695,705,SRR1810232_Counts.txt,Mammalia,Eutheria,Rodentia,198,PRJNA275761,SAMN03352470,PAIRED,Mus musculus,House Mouse,CD-1 (Charles River),ILLUMINA,GSM1612537,Liver,Female,Adult,23417.874,10.959,1,0,100,0
SRR1810233,49990462,365,2,0,Mus_IGF1,414,11482,753,SRR1810233_Counts.txt,Mammalia,Eutheria,Rodentia,198,PRJNA275761,SAMN03352474,PAIRED,Mus musculus,House Mouse,CD-1 (Charles River),ILLUMINA,GSM1612538,Liver,Female,Adult,27734.3,5.479,1,0,100,0
SRR1810234,50033344,365,0,0,Mus_IGF1,414,1789,118,SRR1810234_Counts.txt,Mammalia,Eutheria,Rodentia,198,PRJNA275761,SAMN03352451,PAIRED,Mus musculus,House Mouse,CD-1 (Charles River),ILLUMINA,GSM1612539,Liver,Female,Adult,4321.256,0,1,0,100,0
SRR1810235,45608722,365,6,0,Mus_IGF1,414,1722,119,SRR1810235_Counts.txt,Mammalia,Eutheria,Rodentia,198,PRJNA275761,SAMN03352441,PAIRED,Mus musculus,House Mouse,CD-1 (Charles River),ILLUMINA,GSM1612540,Liver,Female,Adult,4159.42,16.438,0.996,0.004,99.6,0.4
SRR1917378,307882310,365,8,0,Mus_IGF1,414,49725,4160,SRR1917378_Counts.txt,Mammalia,Eutheria,Rodentia,202,PRJNA278684,SAMN03421364,PAIRED,Mus musculus,House Mouse,FVB,ILLUMINA,GSM1635954,Liver,NA,Adult,120108.696,21.918,1,0,100,0
SRR1917379,357182274,365,6,2,Mus_IGF1,414,57680,4523,SRR1917379_Counts.txt,Mammalia,Eutheria,Rodentia,202,PRJNA278684,SAMN03421358,PAIRED,Mus musculus,House Mouse,FVB,ILLUMINA,GSM1635955,Liver,NA,Adult,139323.671,16.438,1,0,100,0
SRR3085972,50900938,365,0,0,Mus_IGF1,414,5497,1217,SRR3085972_Counts.txt,Mammalia,Eutheria,Rodentia,200,PRJNA305855,SAMN04334860,PAIRED,Mus musculus,House Mouse,FVB/NJxCAST/EiJ,ILLUMINA,GSM1970865,Liver,Female,Adult,13277.778,0,1,0,100,0
SRR3085973,49490458,365,0,0,Mus_IGF1,414,4381,982,SRR3085973_Counts.txt,Mammalia,Eutheria,Rodentia,200,PRJNA305855,SAMN04334861,PAIRED,Mus musculus,House Mouse,FVB/NJxCAST/EiJ,ILLUMINA,GSM1970866,Liver,Female,Adult,10582.126,0,1,0,100,0
SRR3401610,66557078,365,1,1,Mus_IGF1,414,3008,212,SRR3401610_Counts.txt,Mammalia,Eutheria,Rodentia,202,PRJNA318858,SAMN04868807,PAIRED,Mus musculus,House Mouse,C57BLKS,ILLUMINA,Normal_C1,Liver,Male,Adult,7265.7,2.74,1,0,100,0
SRR3401616,63862828,365,0,0,Mus_IGF1,414,2754,127,SRR3401616_Counts.txt,Mammalia,Eutheria,Rodentia,202,PRJNA318858,SAMN04868808,PAIRED,Mus musculus,House Mouse,C57BLKS,ILLUMINA,Normal C2,Liver,Male,Adult,6652.174,0,1,0,100,0
SRR3452302,64314814,365,0,0,Mus_IGF1,414,11760,2160,SRR3452302_Counts.txt,Mammalia,Eutheria,Rodentia,202,PRJNA319673,SAMN04903192,PAIRED,Mus musculus,House Mouse,NMRI,ILLUMINA,U1,Liver,Male,Adult,28405.797,0,1,0,100,0
SRR3452303,63568950,365,0,0,Mus_IGF1,414,10878,2231,SRR3452303_Counts.txt,Mammalia,Eutheria,Rodentia,202,PRJNA319673,SAMN04903220,PAIRED,Mus musculus,House Mouse,NMRI,ILLUMINA,U2,Liver,Male,Adult,26275.362,0,1,0,100,0
SRR5512750,29006740,365,1,1,Mus_IGF1,414,1967,489,SRR5512750_Counts.txt,Mammalia,Eutheria,Rodentia,100,PRJNA385602,SAMN06894572,PAIRED,Mus musculus,House Mouse,Crl:CD1(ICR) (Charles River strain code #022),ILLUMINA,GSM2601324,Liver,Male,Adult,4751.208,2.74,0.999,0.001,99.9,0.1
SRR5512751,29718252,365,0,0,Mus_IGF1,414,2338,634,SRR5512751_Counts.txt,Mammalia,Eutheria,Rodentia,100,PRJNA385602,SAMN06894571,PAIRED,Mus musculus,House Mouse,Crl:CD1(ICR) (Charles River strain code #022),ILLUMINA,GSM2601325,Liver,Male,Adult,5647.343,0,1,0,100,0
SRR5512752,24916738,365,1,1,Mus_IGF1,414,2129,643,SRR5512752_Counts.txt,Mammalia,Eutheria,Rodentia,100,PRJNA385602,SAMN06894570,PAIRED,Mus musculus,House Mouse,Crl:CD1(ICR) (Charles River strain code #022),ILLUMINA,GSM2601326,Liver,Male,Adult,5142.512,2.74,0.999,0.001,99.9,0.1
SRR5512753,25465558,365,0,0,Mus_IGF1,414,3206,776,SRR5512753_Counts.txt,Mammalia,Eutheria,Rodentia,100,PRJNA385602,SAMN06894569,PAIRED,Mus musculus,House Mouse,Crl:CD1(ICR) (Charles River strain code #022),ILLUMINA,GSM2601327,Liver,Female,Adult,7743.961,0,1,0,100,0
SRR5512754,35941918,365,2,0,Mus_IGF1,414,2903,801,SRR5512754_Counts.txt,Mammalia,Eutheria,Rodentia,100,PRJNA385602,SAMN06894568,PAIRED,Mus musculus,House Mouse,Crl:CD1(ICR) (Charles River strain code #022),ILLUMINA,GSM2601328,Liver,Female,Adult,7012.077,5.479,0.999,0.001,99.9,0.1
SRR5512755,29463208,365,0,0,Mus_IGF1,414,3719,983,SRR5512755_Counts.txt,Mammalia,Eutheria,Rodentia,100,PRJNA385602,SAMN06894567,PAIRED,Mus musculus,House Mouse,Crl:CD1(ICR) (Charles River strain code #022),ILLUMINA,GSM2601329,Liver,Female,Adult,8983.092,0,1,0,100,0
SRR5803035,74389924,365,14,2,Mus_IGF1,414,19979,2728,SRR5803035_Counts.txt,Mammalia,Eutheria,Rodentia,300,PRJNA392959,SAMN07313079,PAIRED,Mus musculus,House Mouse,Swiss,ILLUMINA,Ctrl-Liver,Liver,Female,Adult,48258.454,38.356,0.999,0.001,99.9,0.1
SRR5803036,61954740,365,7,3,Mus_IGF1,414,27260,2485,SRR5803036_Counts.txt,Mammalia,Eutheria,Rodentia,300,PRJNA392959,SAMN07313079,PAIRED,Mus musculus,House Mouse,Swiss,ILLUMINA,Ctrl-Liver,Liver,Female,Adult,65845.411,19.178,1,0,100,0
SRR7009306,47859330,365,0,0,Mus_IGF1,414,9016,1258,SRR7009306_Counts.txt,Mammalia,Eutheria,Rodentia,152,PRJNA450232,SAMN08932685,PAIRED,Mus musculus,House Mouse,C57BL/6J,ILLUMINA,Liver_RNA_wildtype_5,Liver,Male,Adult,21777.778,0,1,0,100,0
SRR7009307,48034714,365,0,0,Mus_IGF1,414,9193,1292,SRR7009307_Counts.txt,Mammalia,Eutheria,Rodentia,152,PRJNA450232,SAMN08932685,PAIRED,Mus musculus,House Mouse,C57BL/6J,ILLUMINA,Liver_RNA_wildtype_5,Liver,Male,Adult,22205.314,0,1,0,100,0
SRR7009308,37768866,365,0,0,Mus_IGF1,414,10087,1566,SRR7009308_Counts.txt,Mammalia,Eutheria,Rodentia,152,PRJNA450232,SAMN08932686,PAIRED,Mus musculus,House Mouse,C57BL/6J,ILLUMINA,Liver_RNA_wildtype_6,Liver,Male,Adult,24364.734,0,1,0,100,0
SRR7009309,37890818,365,2,0,Mus_IGF1,414,9951,1552,SRR7009309_Counts.txt,Mammalia,Eutheria,Rodentia,152,PRJNA450232,SAMN08932686,PAIRED,Mus musculus,House Mouse,C57BL/6J,ILLUMINA,Liver_RNA_wildtype_6,Liver,Male,Adult,24036.232,5.479,1,0,100,0
SRR7009320,45174964,365,0,0,Mus_IGF1,414,9640,1638,SRR7009320_Counts.txt,Mammalia,Eutheria,Rodentia,152,PRJNA450232,SAMN08932682,PAIRED,Mus musculus,House Mouse,C57BL/6J,ILLUMINA,Liver_RNA_wildtype_2,Liver,Female,Adult,23285.024,0,1,0,100,0
SRR7009321,45041646,365,2,0,Mus_IGF1,414,9399,1568,SRR7009321_Counts.txt,Mammalia,Eutheria,Rodentia,152,PRJNA450232,SAMN08932682,PAIRED,Mus musculus,House Mouse,C57BL/6J,ILLUMINA,Liver_RNA_wildtype_2,Liver,Female,Adult,22702.899,5.479,1,0,100,0
SRR7009322,49170628,365,2,0,Mus_IGF1,414,11465,1522,SRR7009322_Counts.txt,Mammalia,Eutheria,Rodentia,152,PRJNA450232,SAMN08932683,PAIRED,Mus musculus,House Mouse,C57BL/6J,ILLUMINA,Liver_RNA_wildtype_3,Liver,Female,Adult,27693.237,5.479,1,0,100,0
SRR7009323,48965016,365,1,1,Mus_IGF1,414,11146,1495,SRR7009323_Counts.txt,Mammalia,Eutheria,Rodentia,152,PRJNA450232,SAMN08932683,PAIRED,Mus musculus,House Mouse,C57BL/6J,ILLUMINA,Liver_RNA_wildtype_3,Liver,Female,Adult,26922.705,2.74,1,0,100,0
SRR7009326,46828416,365,2,0,Mus_IGF1,414,11612,1802,SRR7009326_Counts.txt,Mammalia,Eutheria,Rodentia,152,PRJNA450232,SAMN08932681,PAIRED,Mus musculus,House Mouse,C57BL/6J,ILLUMINA,Liver_RNA_wildtype_1,Liver,Female,Adult,28048.309,5.479,1,0,100,0
SRR7009327,46670546,365,2,0,Mus_IGF1,414,11917,1804,SRR7009327_Counts.txt,Mammalia,Eutheria,Rodentia,152,PRJNA450232,SAMN08932681,PAIRED,Mus musculus,House Mouse,C57BL/6J,ILLUMINA,Liver_RNA_wildtype_1,Liver,Female,Adult,28785.024,5.479,1,0,100,0
SRR7009328,48661962,365,4,2,Mus_IGF1,414,9196,1297,SRR7009328_Counts.txt,Mammalia,Eutheria,Rodentia,152,PRJNA450232,SAMN08932684,PAIRED,Mus musculus,House Mouse,C57BL/6J,ILLUMINA,Liver_RNA_wildtype_4,Liver,Male,Adult,22212.56,10.959,1,0,100,0
SRR7009329,48368804,365,4,0,Mus_IGF1,414,9065,1274,SRR7009329_Counts.txt,Mammalia,Eutheria,Rodentia,152,PRJNA450232,SAMN08932684,PAIRED,Mus musculus,House Mouse,C57BL/6J,ILLUMINA,Liver_RNA_wildtype_4,Liver,Male,Adult,21896.135,10.959,0.999,0.001,99.9,0.1
SRR2532453,532128,365,0,0,Mus_IGF1,414,28,13,SRR2532453_Counts.txt,Mammalia,Eutheria,Rodentia,602,PRJNA296513,SAMN04103680,PAIRED,Mus musculus domesticus,House Mouse,f1 son of wild house mouse,ILLUMINA,TAS285,Liver,Male,Adult,67.633,0,1,0,100,0
SRR2532454,287152,365,0,0,Mus_IGF1,414,23,10,SRR2532454_Counts.txt,Mammalia,Eutheria,Rodentia,602,PRJNA296513,SAMN04103681,PAIRED,Mus musculus domesticus,House Mouse,f1 son of wild house mouse,ILLUMINA,TAS286,Liver,Male,Adult,55.556,0,1,0,100,0
SRR2532556,232984,365,0,0,Mus_IGF1,414,38,12,SRR2532556_Counts.txt,Mammalia,Eutheria,Rodentia,602,PRJNA296513,SAMN04103682,PAIRED,Mus musculus domesticus,House Mouse,f1 son of wild house mouse,ILLUMINA,TAS287,Liver,Male,Adult,91.787,0,1,0,100,0
SRR2532565,443916,365,0,0,Mus_IGF1,414,37,11,SRR2532565_Counts.txt,Mammalia,Eutheria,Rodentia,602,PRJNA296513,SAMN04103683,PAIRED,Mus musculus domesticus,House Mouse,f1 son of wild house mouse,ILLUMINA,TAS288,Liver,Male,Adult,89.372,0,1,0,100,0
SRR2532566,291536,365,0,0,Mus_IGF1,414,25,17,SRR2532566_Counts.txt,Mammalia,Eutheria,Rodentia,602,PRJNA296513,SAMN04103684,PAIRED,Mus musculus domesticus,House Mouse,f1 son of wild house mouse,ILLUMINA,TAS289,Liver,Male,Adult,60.386,0,1,0,100,0
SRR2532567,352652,365,0,0,Mus_IGF1,414,30,15,SRR2532567_Counts.txt,Mammalia,Eutheria,Rodentia,602,PRJNA296513,SAMN04103685,PAIRED,Mus musculus domesticus,House Mouse,f1 son of wild house mouse,ILLUMINA,TAS290,Liver,Male,Adult,72.464,0,1,0,100,0
SRR2532568,694908,365,0,0,Mus_IGF1,414,54,12,SRR2532568_Counts.txt,Mammalia,Eutheria,Rodentia,602,PRJNA296513,SAMN04103686,PAIRED,Mus musculus domesticus,House Mouse,f1 son of wild house mouse,ILLUMINA,TAS291,Liver,Male,Adult,130.435,0,1,0,100,0
SRR2532569,509232,365,0,0,Mus_IGF1,414,60,25,SRR2532569_Counts.txt,Mammalia,Eutheria,Rodentia,602,PRJNA296513,SAMN04103687,PAIRED,Mus musculus domesticus,House Mouse,f1 son of wild house mouse,ILLUMINA,TAS292,Liver,Male,Adult,144.928,0,1,0,100,0
SRR2532570,400230,365,0,0,Mus_IGF1,414,15,10,SRR2532570_Counts.txt,Mammalia,Eutheria,Rodentia,602,PRJNA296513,SAMN04103688,PAIRED,Mus musculus domesticus,House Mouse,f1 son of wild house mouse,ILLUMINA,TAS293,Liver,Male,Adult,36.232,0,1,0,100,0
SRR2532571,451206,365,0,0,Mus_IGF1,414,43,9,SRR2532571_Counts.txt,Mammalia,Eutheria,Rodentia,602,PRJNA296513,SAMN04103689,PAIRED,Mus musculus domesticus,House Mouse,f1 son of wild house mouse,ILLUMINA,TAS294,Liver,Male,Adult,103.865,0,1,0,100,0
SRR2532572,479926,365,0,0,Mus_IGF1,414,43,8,SRR2532572_Counts.txt,Mammalia,Eutheria,Rodentia,602,PRJNA296513,SAMN04103690,PAIRED,Mus musculus domesticus,House Mouse,f1 son of wild house mouse,ILLUMINA,TAS295,Liver,Male,Adult,103.865,0,1,0,100,0
SRR2532573,390308,365,0,0,Mus_IGF1,414,8,4,SRR2532573_Counts.txt,Mammalia,Eutheria,Rodentia,602,PRJNA296513,SAMN04103691,PAIRED,Mus musculus domesticus,House Mouse,f1 son of wild house mouse,ILLUMINA,TAS296,Liver,Male,Adult,19.324,0,1,0,100,0
SRR2532575,331118,365,0,0,Mus_IGF1,414,19,5,SRR2532575_Counts.txt,Mammalia,Eutheria,Rodentia,443,PRJNA296513,SAMN04103692,PAIRED,Mus musculus domesticus,House Mouse,f1 son of wild house mouse,ILLUMINA,TAS298,Liver,Male,Adult,45.894,0,1,0,100,0
SRR2532576,550648,365,0,0,Mus_IGF1,414,29,11,SRR2532576_Counts.txt,Mammalia,Eutheria,Rodentia,602,PRJNA296513,SAMN04103693,PAIRED,Mus musculus domesticus,House Mouse,f1 son of wild house mouse,ILLUMINA,TAS338,Liver,Male,Adult,70.048,0,1,0,100,0
SRR2532577,541476,365,0,0,Mus_IGF1,414,32,8,SRR2532577_Counts.txt,Mammalia,Eutheria,Rodentia,602,PRJNA296513,SAMN04103694,PAIRED,Mus musculus domesticus,House Mouse,f1 son of wild house mouse,ILLUMINA,TAS339,Liver,Male,Adult,77.295,0,1,0,100,0
SRR2532578,437552,365,0,0,Mus_IGF1,414,52,25,SRR2532578_Counts.txt,Mammalia,Eutheria,Rodentia,602,PRJNA296513,SAMN04103695,PAIRED,Mus musculus domesticus,House Mouse,f1 son of wild house mouse,ILLUMINA,TAS340,Liver,Male,Adult,125.604,0,1,0,100,0
SRR2532579,529258,365,0,0,Mus_IGF1,414,14,8,SRR2532579_Counts.txt,Mammalia,Eutheria,Rodentia,602,PRJNA296513,SAMN04103696,PAIRED,Mus musculus domesticus,House Mouse,f1 son of wild house mouse,ILLUMINA,TAS359,Liver,Male,Adult,33.816,0,1,0,100,0
SRR2532580,496770,365,0,0,Mus_IGF1,414,13,7,SRR2532580_Counts.txt,Mammalia,Eutheria,Rodentia,602,PRJNA296513,SAMN04103697,PAIRED,Mus musculus domesticus,House Mouse,f1 son of wild house mouse,ILLUMINA,TAS360,Liver,Male,Adult,31.401,0,1,0,100,0
SRR3166993,287152,365,0,0,Mus_IGF1,414,23,10,SRR3166993_Counts.txt,Mammalia,Eutheria,Rodentia,602,PRJNA296513,SAMN04103681,PAIRED,Mus musculus domesticus,House Mouse,f1 son of wild house mouse,ILLUMINA,TAS286,Liver,Male,Adult,55.556,0,1,0,100,0
SRR3166995,232984,365,0,0,Mus_IGF1,414,38,12,SRR3166995_Counts.txt,Mammalia,Eutheria,Rodentia,602,PRJNA296513,SAMN04103682,PAIRED,Mus musculus domesticus,House Mouse,f1 son of wild house mouse,ILLUMINA,TAS287,Liver,Male,Adult,91.787,0,1,0,100,0
SRR3166996,443916,365,0,0,Mus_IGF1,414,37,11,SRR3166996_Counts.txt,Mammalia,Eutheria,Rodentia,602,PRJNA296513,SAMN04103683,PAIRED,Mus musculus domesticus,House Mouse,f1 son of wild house mouse,ILLUMINA,TAS288,Liver,Male,Adult,89.372,0,1,0,100,0
SRR3166997,291536,365,0,0,Mus_IGF1,414,25,17,SRR3166997_Counts.txt,Mammalia,Eutheria,Rodentia,602,PRJNA296513,SAMN04103684,PAIRED,Mus musculus domesticus,House Mouse,f1 son of wild house mouse,ILLUMINA,TAS289,Liver,Male,Adult,60.386,0,1,0,100,0
SRR3166998,352652,365,0,0,Mus_IGF1,414,30,15,SRR3166998_Counts.txt,Mammalia,Eutheria,Rodentia,602,PRJNA296513,SAMN04103685,PAIRED,Mus musculus domesticus,House Mouse,f1 son of wild house mouse,ILLUMINA,TAS290,Liver,Male,Adult,72.464,0,1,0,100,0
SRR3166999,694908,365,0,0,Mus_IGF1,414,54,12,SRR3166999_Counts.txt,Mammalia,Eutheria,Rodentia,602,PRJNA296513,SAMN04103686,PAIRED,Mus musculus domesticus,House Mouse,f1 son of wild house mouse,ILLUMINA,TAS291,Liver,Male,Adult,130.435,0,1,0,100,0
SRR3167000,509232,365,0,0,Mus_IGF1,414,60,25,SRR3167000_Counts.txt,Mammalia,Eutheria,Rodentia,602,PRJNA296513,SAMN04103687,PAIRED,Mus musculus domesticus,House Mouse,f1 son of wild house mouse,ILLUMINA,TAS292,Liver,Male,Adult,144.928,0,1,0,100,0
SRR3167001,451206,365,0,0,Mus_IGF1,414,43,9,SRR3167001_Counts.txt,Mammalia,Eutheria,Rodentia,602,PRJNA296513,SAMN04103689,PAIRED,Mus musculus domesticus,House Mouse,f1 son of wild house mouse,ILLUMINA,TAS294,Liver,Male,Adult,103.865,0,1,0,100,0
SRR3167002,479926,365,0,0,Mus_IGF1,414,43,8,SRR3167002_Counts.txt,Mammalia,Eutheria,Rodentia,602,PRJNA296513,SAMN04103690,PAIRED,Mus musculus domesticus,House Mouse,f1 son of wild house mouse,ILLUMINA,TAS295,Liver,Male,Adult,103.865,0,1,0,100,0
SRR3167003,390308,365,0,0,Mus_IGF1,414,8,4,SRR3167003_Counts.txt,Mammalia,Eutheria,Rodentia,602,PRJNA296513,SAMN04103691,PAIRED,Mus musculus domesticus,House Mouse,f1 son of wild house mouse,ILLUMINA,TAS296,Liver,Male,Adult,19.324,0,1,0,100,0
SRR3167006,550648,365,0,0,Mus_IGF1,414,29,11,SRR3167006_Counts.txt,Mammalia,Eutheria,Rodentia,602,PRJNA296513,SAMN04103693,PAIRED,Mus musculus domesticus,House Mouse,f1 son of wild house mouse,ILLUMINA,TAS338,Liver,Male,Adult,70.048,0,1,0,100,0
SRR3167007,437552,365,0,0,Mus_IGF1,414,52,25,SRR3167007_Counts.txt,Mammalia,Eutheria,Rodentia,602,PRJNA296513,SAMN04103695,PAIRED,Mus musculus domesticus,House Mouse,f1 son of wild house mouse,ILLUMINA,TAS340,Liver,Male,Adult,125.604,0,1,0,100,0
SRR3167008,529258,365,0,0,Mus_IGF1,414,14,8,SRR3167008_Counts.txt,Mammalia,Eutheria,Rodentia,602,PRJNA296513,SAMN04103696,PAIRED,Mus musculus domesticus,House Mouse,f1 son of wild house mouse,ILLUMINA,TAS359,Liver,Male,Adult,33.816,0,1,0,100,0
SRR7749296,41894146,365,1,1,Mus_IGF1,414,2823,537,SRR7749296_Counts.txt,Mammalia,Eutheria,Rodentia,200,PRJNA412620,SAMN07717096,PAIRED,Mus musculus domesticus,House Mouse,NY(MJS9x11),ILLUMINA,DL125_liver,Liver,Male,Adult,6818.841,2.74,1,0,100,0
SRR7749299,51756634,365,0,0,Mus_IGF1,414,3605,663,SRR7749299_Counts.txt,Mammalia,Eutheria,Rodentia,200,PRJNA412620,SAMN07717095,PAIRED,Mus musculus domesticus,House Mouse,NY(MJS44x42),ILLUMINA,DL124_liver,Liver,Male,Adult,8707.729,0,1,0,100,0
SRR7749308,39586120,365,0,0,Mus_IGF1,414,2673,704,SRR7749308_Counts.txt,Mammalia,Eutheria,Rodentia,200,PRJNA412620,SAMN07717108,PAIRED,Mus musculus domesticus,House Mouse,NY(MJS44x42),ILLUMINA,NY22_liver,Liver,Male,Adult,6456.522,0,1,0,100,0
SRR7749309,39707624,365,0,0,Mus_IGF1,414,3168,700,SRR7749309_Counts.txt,Mammalia,Eutheria,Rodentia,200,PRJNA412620,SAMN07717109,PAIRED,Mus musculus domesticus,House Mouse,NY(MJS83x80),ILLUMINA,NY9_liver,Liver,Male,Adult,7652.174,0,1,0,100,0
SRR7749311,41790564,365,1,1,Mus_IGF1,414,2850,544,SRR7749311_Counts.txt,Mammalia,Eutheria,Rodentia,200,PRJNA412620,SAMN07717097,PAIRED,Mus musculus domesticus,House Mouse,NY(MJS82x81),ILLUMINA,DL126_liver,Liver,Male,Adult,6884.058,2.74,1,0,100,0
SRR7749323,44528136,365,0,0,Mus_IGF1,414,1170,170,SRR7749323_Counts.txt,Mammalia,Eutheria,Rodentia,200,PRJNA412620,SAMN07717100,PAIRED,Mus musculus domesticus,House Mouse,NY(MJS39x80),ILLUMINA,DL131_liver,Liver,Male,Adult,2826.087,0,1,0,100,0
SRR7749326,37565528,365,4,0,Mus_IGF1,414,2419,543,SRR7749326_Counts.txt,Mammalia,Eutheria,Rodentia,200,PRJNA412620,SAMN07717107,PAIRED,Mus musculus domesticus,House Mouse,NY(MJS19x13),ILLUMINA,NY14_liver,Liver,Male,Adult,5842.995,10.959,0.998,0.002,99.8,0.2
SRR7749327,51930718,365,0,0,Mus_IGF1,414,2883,495,SRR7749327_Counts.txt,Mammalia,Eutheria,Rodentia,200,PRJNA412620,SAMN07717106,PAIRED,Mus musculus domesticus,House Mouse,NY(MJS34x38),ILLUMINA,NY12_liver,Liver,Male,Adult,6963.768,0,1,0,100,0
ERR2592686,24961200,543,4,0,Rodentia_IGF1,480,3791,0,ERR2592686_Counts.txt,Mammalia,Eutheria,Rodentia,101,PRJEB26889,SAMEA4680895,SINGLE,Rattus norvegicus,Brown Rat,NA,ILLUMINA,SAMEA4680895,Liver,Female,Adult,7897.917,7.366,0.999,0.001,99.9,0.1
ERR2592690,36722694,543,2,0,Rodentia_IGF1,480,5467,0,ERR2592690_Counts.txt,Mammalia,Eutheria,Rodentia,101,PRJEB26889,SAMEA4680899,SINGLE,Rattus norvegicus,Brown Rat,NA,ILLUMINA,SAMEA4680899,Liver,Female,Adult,11389.583,3.683,1,0,100,0
ERR2592694,27644599,543,5,0,Rodentia_IGF1,480,5165,0,ERR2592694_Counts.txt,Mammalia,Eutheria,Rodentia,101,PRJEB26889,SAMEA4680903,SINGLE,Rattus norvegicus,Brown Rat,NA,ILLUMINA,SAMEA4680903,Liver,Male,Adult,10760.417,9.208,0.999,0.001,99.9,0.1
ERR2592698,35978743,543,9,0,Rodentia_IGF1,480,7965,0,ERR2592698_Counts.txt,Mammalia,Eutheria,Rodentia,101,PRJEB26889,SAMEA4680907,SINGLE,Rattus norvegicus,Brown Rat,NA,ILLUMINA,SAMEA4680907,Liver,Male,Adult,16593.75,16.575,0.999,0.001,99.9,0.1
SRR12442725,45667328,552,961,0,Scandentia_IGF1,480,365,0,SRR12442725_Counts.txt,Mammalia,Eutheria,Scandentia,101,PRJNA580502,SAMN15762588,SINGLE,Tupaia belangeri,Northern Treeshrew,NA,ILLUMINA,RNAseq from Tupaia belangeri (Tree shrew) male Liver,Liver,Male,Adult,760.417,1740.942,0.304,0.696,30.4,69.6
SRR12442780,39785424,552,603,0,Scandentia_IGF1,480,204,0,SRR12442780_Counts.txt,Mammalia,Eutheria,Scandentia,101,PRJNA580502,SAMN15762583,SINGLE,Tupaia belangeri,Northern Treeshrew,NA,ILLUMINA,RNAseq from Tupaia belangeri (Tree shrew) female Liver,Liver,Female,Adult,425,1092.391,0.28,0.72,28,72
SRR12442716,34148677,594,1585,0,Xenarthra_IGF1,702,986,0,SRR12442716_Counts.txt,Mammalia,Eutheria,Xenarthra,101,PRJNA580502,SAMN15762674,SINGLE,Dasypus novemcinctus,Nine-banded Armadillo,NA,ILLUMINA,RNAseq from Dasypus novemcinctus (Amadillo) male Liver,Liver,Male,Adult,1404.558,2668.35,0.345,0.655,34.5,65.5
SRR12442726,28749382,594,855,0,Xenarthra_IGF1,702,1909,0,SRR12442726_Counts.txt,Mammalia,Eutheria,Xenarthra,101,PRJNA580502,SAMN15762668,SINGLE,Dasypus novemcinctus,Nine-banded Armadillo,NA,ILLUMINA,RNAseq from Dasypus novemcinctus (Amadillo) female Liver,Liver,Female,Adult,2719.373,1439.394,0.654,0.346,65.4,34.6
SRR7244621,76932638,486,412,111,IGF1_ZFinch_McGaughAlignment,456,21,3,SRR7244621_Counts.txt,Reptilia,Aves,Aves,300,PRJNA470787,SAMN09104374,PAIRED,Aegithalos iouschistos,Rufous-fronted Bushtit,NA,ILLUMINA,HetoM1_L,Liver,Male,Adult,46.053,847.737,0.052,0.948,5.2,94.8
SRR7244626,48246816,486,630,119,IGF1_ZFinch_McGaughAlignment,456,22,6,SRR7244626_Counts.txt,Reptilia,Aves,Aves,300,PRJNA470787,SAMN09104369,PAIRED,Aegithalos iouschistos,Rufous-fronted Bushtit,NA,ILLUMINA,HetoF2_L,Liver,Female,Adult,48.246,1296.296,0.036,0.964,3.6,96.4
SRR7127377,34358500,486,142,46,IGF1_ZFinch_McGaughAlignment,456,82,5,SRR7127377_Counts.txt,Reptilia,Aves,Aves,202,PRJNA459507,SAMN09069463,PAIRED,Anas platyrhynchos,Mallard ,NA,ILLUMINA,113_GGCTAC_L001,Liver,Male,Adult,179.825,292.181,0.381,0.619,38.1,61.9
SRR6382408,40365152,486,1469,487,IGF1_ZFinch_McGaughAlignment,456,0,0,SRR6382408_Counts.txt,Reptilia,Aves,Aves,300,PRJNA422498,SAMN08180555,PAIRED,Arborophila rufipectus,Sichuan Partridge,NA,ILLUMINA,Arborophila-rufipectus-liver-sample,Liver,NA,Adult,0,3022.634,0,1,0,100
SRR6148275,294001700,486,1348,208,IGF1_ZFinch_McGaughAlignment,456,13,1,SRR6148275_Counts.txt,Reptilia,Aves,Aves,200,PRJNA369257,SAMN06282498,PAIRED,Archilochus colubris,Ruby-throated Hummingbird,NA,ILLUMINA,Acolubris_liver_isoseq,Liver,Male,Adult,28.509,2773.663,0.01,0.99,1,99
SRR7127374,40160994,486,422,169,IGF1_ZFinch_McGaughAlignment,456,87,13,SRR7127374_Counts.txt,Reptilia,Aves,Aves,202,PRJNA459507,SAMN09069476,PAIRED,Cairina moschata,Muscovy Duck,NA,ILLUMINA,88-2_TTAGGC_L001,Liver,Male,Adult,190.789,868.313,0.18,0.82,18,82
SRR7127378,42062752,486,390,144,IGF1_ZFinch_McGaughAlignment,456,22,2,SRR7127378_Counts.txt,Reptilia,Aves,Aves,202,PRJNA459507,SAMN09069480,PAIRED,Cairina moschata,Muscovy Duck,NA,ILLUMINA,108-2_ATCACG_L003,Liver,Male,Adult,48.246,802.469,0.057,0.943,5.7,94.3
SRR6713511,33243842,486,21,19,IGF1_ZFinch_McGaughAlignment,456,58,24,SRR6713511_Counts.txt,Reptilia,Aves,Aves,150,PRJNA433114,SAMN08476471,PAIRED,Dromaius novaehollandiae,Emu,NA,ILLUMINA,emu_F1_liver,Liver,Female,Adult,127.193,43.21,0.746,0.254,74.6,25.4
SRR5693740,90740542,486,69,7,IGF1_ZFinch_McGaughAlignment,456,16,4,SRR5693740_Counts.txt,Reptilia,Aves,Aves,200,PRJNA390772,SAMN07249980,PAIRED,Eurillas virens,Little Greenbul,NA,ILLUMINA,TSRH001B,Liver,NA,Adult,35.088,141.975,0.198,0.802,19.8,80.2
SRR9617529,89432952,486,149,7,IGF1_ZFinch_McGaughAlignment,456,139,7,SRR9617529_Counts.txt,Reptilia,Aves,Aves,248,PRJNA551584,SAMN12158363,PAIRED,Ficedula albicollis,Collared Flycatcher,NA,ILLUMINA,COL01-Liver,Liver,Male,Adult,304.825,306.584,0.499,0.501,49.9,50.1
SRR9617541,97959406,486,374,16,IGF1_ZFinch_McGaughAlignment,456,126,4,SRR9617541_Counts.txt,Reptilia,Aves,Aves,248,PRJNA551584,SAMN12158378,PAIRED,Ficedula albicollis,Collared Flycatcher,NA,ILLUMINA,COL04-Liver,Liver,Male,Adult,276.316,769.547,0.264,0.736,26.4,73.6
SRR9617536,82155082,486,141,5,IGF1_ZFinch_McGaughAlignment,456,101,11,SRR9617536_Counts.txt,Reptilia,Aves,Aves,248,PRJNA551584,SAMN12158413,PAIRED,Ficedula hypoleuca,European Pied Flycatcher,NA,ILLUMINA,PIE03-Liver,Liver,Male,Adult,221.491,290.123,0.433,0.567,43.3,56.7
ERR2664214,223466598,486,3168,2384,IGF1_ZFinch_McGaughAlignment,456,339,106,ERR2664214_Counts.txt,Reptilia,Aves,Aves,300,PRJEB27455,SAMEA103992344,PAIRED,Gallus gallus,Chicken,NA,ILLUMINA,SAMEA103992344,Liver,NA,Adult,743.421,6518.519,0.102,0.898,10.2,89.8
ERR2664215,204225406,486,3567,2617,IGF1_ZFinch_McGaughAlignment,456,386,162,ERR2664215_Counts.txt,Reptilia,Aves,Aves,300,PRJEB27455,SAMEA103992362,PAIRED,Gallus gallus,Chicken,NA,ILLUMINA,SAMEA103992362,Liver,NA,Adult,846.491,7339.506,0.103,0.897,10.3,89.7
SRR5223631,231087520,486,106,16,IGF1_ZFinch_McGaughAlignment,456,6288,1038,SRR5223631_Counts.txt,Reptilia,Aves,Aves,242,PRJNA369279,SAMN08347901,PAIRED,Lonchura striata domestica,Bengalese Finch,NA,ILLUMINA,RNA_liver_female_adult,Liver,Female,Adult,13789.474,218.107,0.984,0.016,98.4,1.6
SRR7244650,78135532,486,651,201,IGF1_ZFinch_McGaughAlignment,456,32,3,SRR7244650_Counts.txt,Reptilia,Aves,Aves,300,PRJNA470787,SAMN09104325,PAIRED,Lophophanes dichrous,Grey Crested Tit,NA,ILLUMINA,HeguF2_L,Liver,Female,Adult,70.175,1339.506,0.05,0.95,5,95
SRR7244651,87385404,486,573,124,IGF1_ZFinch_McGaughAlignment,456,25,11,SRR7244651_Counts.txt,Reptilia,Aves,Aves,300,PRJNA470787,SAMN09104320,PAIRED,Lophophanes dichrous,Grey Crested Tit,NA,ILLUMINA,HeguF1_L,Liver,Female,Adult,54.825,1179.012,0.044,0.956,4.4,95.6
SRR6713508,45590378,486,68,36,IGF1_ZFinch_McGaughAlignment,456,0,0,SRR6713508_Counts.txt,Reptilia,Aves,Aves,150,PRJNA433114,SAMN08476479,PAIRED,Nothoprocta perdicaria,Chilean Tinamou,NA,ILLUMINA,ctin_M_liver,Liver,Male,Adult,0,139.918,0,1,0,100
SRR7244632,81525288,486,526,150,IGF1_ZFinch_McGaughAlignment,456,136,36,SRR7244632_Counts.txt,Reptilia,Aves,Aves,300,PRJNA470787,SAMN09104420,PAIRED,Pardaliparus venustulus,Yellow-bellied Tit,NA,ILLUMINA,HufuM2_L,Liver,Male,Adult,298.246,1082.305,0.216,0.784,21.6,78.4
SRR7244637,75609274,486,522,110,IGF1_ZFinch_McGaughAlignment,456,122,31,SRR7244637_Counts.txt,Reptilia,Aves,Aves,300,PRJNA470787,SAMN09104425,PAIRED,Pardaliparus venustulus,Yellow-bellied Tit,NA,ILLUMINA,HufuM3_L,Liver,Male,Adult,267.544,1074.074,0.199,0.801,19.9,80.1
SRR7244690,78985730,486,1000,289,IGF1_ZFinch_McGaughAlignment,456,150,34,SRR7244690_Counts.txt,Reptilia,Aves,Aves,300,PRJNA470787,SAMN09104407,PAIRED,Pardaliparus venustulus,Yellow-bellied Tit,NA,ILLUMINA,HufuF1_L,Liver,Female,Adult,328.947,2057.613,0.138,0.862,13.8,86.2
SRR7244666,84774624,486,1371,347,IGF1_ZFinch_McGaughAlignment,456,138,25,SRR7244666_Counts.txt,Reptilia,Aves,Aves,300,PRJNA470787,SAMN09104351,PAIRED,Periparus rubidiventris,Rufous-vented Tit,NA,ILLUMINA,HeigM2_L,Liver,Male,Adult,302.632,2820.988,0.097,0.903,9.7,90.3
SRR7244667,58710696,486,357,79,IGF1_ZFinch_McGaughAlignment,456,24,4,SRR7244667_Counts.txt,Reptilia,Aves,Aves,300,PRJNA470787,SAMN09104356,PAIRED,Periparus rubidiventris,Rufous-vented Tit,NA,ILLUMINA,HeigM3_L,Liver,Male,Adult,52.632,734.568,0.067,0.933,6.7,93.3
SRR7244682,89069480,486,1259,347,IGF1_ZFinch_McGaughAlignment,456,253,74,SRR7244682_Counts.txt,Reptilia,Aves,Aves,300,PRJNA470787,SAMN09104433,PAIRED,Poecile palustris,Marsh Tit,NA,ILLUMINA,ZhzeF1_L,Liver,Female,Adult,554.825,2590.535,0.176,0.824,17.6,82.4
SRR7244687,67070440,486,739,180,IGF1_ZFinch_McGaughAlignment,456,233,74,SRR7244687_Counts.txt,Reptilia,Aves,Aves,300,PRJNA470787,SAMN09104428,PAIRED,Poecile palustris,Marsh Tit,NA,ILLUMINA,ZhzeF0_L,Liver,Female,Adult,510.965,1520.576,0.252,0.748,25.2,74.8
SRR2915364,124135612,486,849,192,IGF1_ZFinch_McGaughAlignment,456,473,137,SRR2915364_Counts.txt,Reptilia,Aves,Aves,202,PRJNA300534,SAMN04263679,PAIRED,Serinus canaria,Atlantic Canary,NA,ILLUMINA,RED_LIV,Liver,Pooled,Adult,1037.281,1746.914,0.373,0.627,37.3,62.7
SRR7467391,79998846,486,308,23,IGF1_ZFinch_McGaughAlignment,456,994,24,SRR7467391_Counts.txt,Reptilia,Aves,Aves,300,PRJNA478852,SAMN09533518,PAIRED,Zonotrichia albicollis,White-throated Sparrow,NA,ILLUMINA,SparrowLiver6,Liver,Male,Adult,2179.825,633.745,0.775,0.225,77.5,22.5
SRR7467392,105467264,486,150,22,IGF1_ZFinch_McGaughAlignment,456,927,31,SRR7467392_Counts.txt,Reptilia,Aves,Aves,300,PRJNA478852,SAMN09533519,PAIRED,Zonotrichia albicollis,White-throated Sparrow,NA,ILLUMINA,SparrowLiver9,Liver,Male,Adult,2032.895,308.642,0.868,0.132,86.8,13.2
SRR629636,68552654,492,1084,206,IGF1_Gatorsinesis_McGaughEtAl,456,21,7,SRR629636_Counts.txt,Reptilia,Crocodilian,Crocodilian,200,PRJNA183121,SAMN01823432,PAIRED,Alligator mississippiensis,American Alligator,NA,ILLUMINA,Alligator,Liver,Female,Adult,46.053,2203.252,0.02,0.98,2,98
SRR629522,74092174,492,7221,1091,IGF1GreenAnole_McGaughAlignment,459,6100,572,SRR629522_Counts.txt,Reptilia,Squamates,Lizard,200,PRJNA183121,SAMN01823433,PAIRED,Anolis sagrei,Brown Anole,NA,ILLUMINA,Anolis lizard,Liver,Male,Adult,13289.76,14676.829,0.475,0.525,47.5,52.5
SRR8700057,25763146,492,36,2,IGF1GreenAnole_McGaughAlignment,459,575,21,SRR8700057_Counts.txt,Reptilia,Squamates,Lizard,202,PRJNA525415,SAMN11050700,PAIRED,Basiliscus vittatus,Brown Basilisk,NA,ILLUMINA,RNAseq liver male Basiliscus vittatus,Liver,Male,Adult,1252.723,73.171,0.945,0.055,94.5,5.5
SRR629637,77191844,492,162,84,IGF1GreenAnole_McGaughAlignment,459,6,6,SRR629637_Counts.txt,Reptilia,Squamates,Lizard,200,PRJNA183121,SAMN01823434,PAIRED,Elgaria multicarinata,Southern Alligator Lizard,NA,ILLUMINA,California Alligator Lizard,Liver,NA,NA,13.072,329.268,0.038,0.962,3.8,96.2
SRR629643,66163070,492,647,549,IGF1GreenAnole_McGaughAlignment,459,739,509,SRR629643_Counts.txt,Reptilia,Squamates,Lizard,200,PRJNA183121,SAMN01823438,PAIRED,Eublepharis macularius,Common Leopard Gecko,NA,ILLUMINA,Gecko,Liver,Male,Juvenile,1610.022,1315.041,0.55,0.45,55,45
SRR7830700,26230338,492,169,33,IGF1GreenAnole_McGaughAlignment,459,315,27,SRR7830700_Counts.txt,Reptilia,Squamates,Lizard,202,PRJNA490698,SAMN10056032,PAIRED,Gambelia wislizenii,Long-nosed Leopard Lizard,NA,ILLUMINA,RNAseq liver female Gambelia wislizenii,Liver,Female,Adult,686.275,343.496,0.666,0.334,66.6,33.4
SRR7830703,28091640,492,25,3,IGF1GreenAnole_McGaughAlignment,459,27,1,SRR7830703_Counts.txt,Reptilia,Squamates,Lizard,202,PRJNA490698,SAMN10056027,PAIRED,Iguana iguana,Green Iguana,NA,ILLUMINA,RNAseq liver feamale Iguana iguana,Liver,Female,Adult,58.824,50.813,0.537,0.463,53.7,46.3
SRR629641,82753324,492,147,91,IGF1GreenAnole_McGaughAlignment,459,1,1,SRR629641_Counts.txt,Reptilia,Squamates,Lizard,200,PRJNA183121,SAMN01823436,PAIRED,Pogona vitticeps,Central Bearded Dragon,NA,ILLUMINA,Bearded Dragon,Liver,NA,Juvenile,2.179,298.78,0.007,0.993,0.7,99.3
SRR6825926,41057166,492,150,24,IGF1GreenAnole_McGaughAlignment,459,6,0,SRR6825926_Counts.txt,Reptilia,Squamates,Lizard,300,PRJNA437943,SAMN08687239,PAIRED,Sceloporus undulatus,Eastern Fence Lizard,NA,ILLUMINA,SU_1751,Liver,Male,Adult,13.072,304.878,0.041,0.959,4.1,95.9
SRR6825938,42927680,492,57,11,IGF1GreenAnole_McGaughAlignment,459,9,3,SRR6825938_Counts.txt,Reptilia,Squamates,Lizard,300,PRJNA437943,SAMN08687233,PAIRED,Sceloporus undulatus,Eastern Fence Lizard,NA,ILLUMINA,SU_1732,Liver,Male,Adult,19.608,115.854,0.145,0.855,14.5,85.5
SRR629642,85582340,492,2947,1237,IGF1GreenAnole_McGaughAlignment,459,6,2,SRR629642_Counts.txt,Reptilia,Squamates,Lizard,200,PRJNA183121,SAMN01823437,PAIRED,Scincella lateralis,Little Brown Skink,NA,ILLUMINA,Skink,Liver,NA,Juvenile,13.072,5989.837,0.002,0.998,0.2,99.8
SRR3139467,284617328,492,127,127,IGF1GreenAnole_McGaughAlignment,459,4,4,SRR3139467_Counts.txt,Reptilia,Squamates,Lizard,102,PRJNA310422,SAMN04452394,PAIRED,Takydromus sexlineatus,Asian Grass Lizard,NA,ILLUMINA,Takydromus sexlineatus female,Liver,Female,Adult,8.715,258.13,0.033,0.967,3.3,96.7
SRR629645,71585282,489,4182,788,IGF1_GarterSnake_McGaughEtAl,468,356,30,SRR629645_Counts.txt,Reptilia,Squamates,Snake,200,PRJNA183121,SAMN01823440,PAIRED,Agkistrodon piscivorus,Cottonmouth ,NA,ILLUMINA,Cottonmouth snake,Liver,Female,Adult,760.684,8552.147,0.082,0.918,8.2,91.8
SRR629646,66667364,489,1728,573,IGF1_GarterSnake_McGaughEtAl,468,175,24,SRR629646_Counts.txt,Reptilia,Squamates,Snake,200,PRJNA183121,SAMN01823442,PAIRED,Candoia aspera,New Guinea Ground Boa,NA,ILLUMINA,Viper boa,Liver,Female,Adult,373.932,3533.742,0.096,0.904,9.6,90.4
SRR1328168,13779542,489,21,5,IGF1_GarterSnake_McGaughEtAl,468,5,1,SRR1328168_Counts.txt,Reptilia,Squamates,Snake,202,PRJNA247733,SAMN02780864,PAIRED,Echis coloratus,Palestine Saw-scaled Viper,NA,ILLUMINA,Eco6 Liver,Liver,Female,Adult,10.684,42.945,0.199,0.801,19.9,80.1
SRR629634,97558600,489,3146,912,IGF1_GarterSnake_McGaughEtAl,468,171,39,SRR629634_Counts.txt,Reptilia,Squamates,Snake,200,PRJNA183121,SAMN01823431,PAIRED,Thamnophis couchii,Sierra Garter Snake,NA,ILLUMINA,Western aquatic garter snake,Liver,Female,Adult,365.385,6433.538,0.054,0.946,5.4,94.6
SRR629662,93169214,489,6408,1685,IGF1_GarterSnake_McGaughEtAl,468,202,22,SRR629662_Counts.txt,Reptilia,Squamates,Snake,200,PRJNA183122,SAMN01823459,PAIRED,Thamnophis elegans,Western terrestrial garter snake,NA,ILLUMINA,HS23,Liver,Male,Juvenile,431.624,13104.294,0.032,0.968,3.2,96.8
SRR629667,77393982,489,1740,484,IGF1_GarterSnake_McGaughEtAl,468,36,2,SRR629667_Counts.txt,Reptilia,Squamates,Snake,200,PRJNA183122,SAMN01823464,PAIRED,Thamnophis elegans,Western terrestrial garter snake,NA,ILLUMINA,HS32,Liver,Female,Juvenile,76.923,3558.282,0.021,0.979,2.1,97.9
SRR629647,86063494,489,2672,486,IGF1_GarterSnake_McGaughEtAl,468,121,27,SRR629647_Counts.txt,Reptilia,Squamates,Snake,200,PRJNA183121,SAMN01823441,PAIRED,Xenopeltis unicolor,Sunbeam Snake,NA,ILLUMINA,Sunbeam Snake,Liver,Female,Adult,258.547,5464.213,0.045,0.955,4.5,95.5
SRR629521,64340298,492,233,44,IGF1_PaintedTurtle_McGaughEtAl,456,0,0,SRR629521_Counts.txt,Reptilia,Testudines,Testudines,200,PRJNA183121,SAMN01823443,PAIRED,Chelydra serpentina,Common Snapping Turtle,NA,ILLUMINA,Snapping turtle,Liver,NA,NA,0,473.577,0,1,0,100
SRR4051268,7686664,492,128,16,IGF1_PaintedTurtle_McGaughEtAl,456,4,0,SRR4051268_Counts.txt,Reptilia,Testudines,Testudines,202,PRJNA339452,SAMN05607802,PAIRED,Malaclemys terrapin terrapin,Diamondback Terrapin,NA,ILLUMINA,Liver,Liver,Female,Adult,8.772,260.163,0.033,0.967,3.3,96.7
SRR4051269,7720540,492,169,33,IGF1_PaintedTurtle_McGaughEtAl,456,2,0,SRR4051269_Counts.txt,Reptilia,Testudines,Testudines,202,PRJNA339452,SAMN05607802,PAIRED,Malaclemys terrapin terrapin,Diamondback Terrapin,NA,ILLUMINA,Liver,Liver,Female,Adult,4.386,343.496,0.013,0.987,1.3,98.7
SRR6180859,51130102,492,2754,446,IGF1_PaintedTurtle_McGaughEtAl,456,1648,351,SRR6180859_Counts.txt,Reptilia,Testudines,Testudines,300,PRJNA413883,SAMN07770254,PAIRED,Pelodiscus sinensis,Chinese Softshell Turtle,NA,ILLUMINA,S7,Liver,Male,Juvenile,3614.035,5597.561,0.392,0.608,39.2,60.8
SRR6180865,44732598,492,609,148,IGF1_PaintedTurtle_McGaughEtAl,456,0,0,SRR6180865_Counts.txt,Reptilia,Testudines,Testudines,300,PRJNA413883,SAMN07770258,PAIRED,Pelodiscus sinensis,Chinese Softshell Turtle,NA,ILLUMINA,S11,Liver,Female,Juvenile,0,1237.805,0,1,0,100
SRR629649,85323112,492,1085,337,IGF1_PaintedTurtle_McGaughEtAl,456,19,1,SRR629649_Counts.txt,Reptilia,Testudines,Testudines,200,PRJNA183121,SAMN01823445,PAIRED,Pelusios castaneus,West African Mud Turtle,NA,ILLUMINA,Sideneck turtle,Liver,NA,Juvenile,41.667,2205.285,0.019,0.981,1.9,98.1
SRR629648,89124042,492,886,249,IGF1_PaintedTurtle_McGaughEtAl,456,14,2,SRR629648_Counts.txt,Reptilia,Testudines,Testudines,200,PRJNA183121,SAMN01823444,PAIRED,Sternotherus odoratus,Common Musk Turtle,NA,ILLUMINA,Stinkpot turtle,Liver,NA,Juvenile,30.702,1800.813,0.017,0.983,1.7,98.3
SRR629650,83412784,492,3270,963,IGF1_PaintedTurtle_McGaughEtAl,456,41,19,SRR629650_Counts.txt,Reptilia,Testudines,Testudines,200,PRJNA183121,SAMN01823446,PAIRED,Terrapene carolina,Common Box Turtle,NA,ILLUMINA,Box Turtle,Liver,NA,Juvenile,89.912,6646.341,0.013,0.987,1.3,98.7
SRR8695399,154519344,492,44,4,IGF1_PaintedTurtle_McGaughEtAl,456,0,0,SRR8695399_Counts.txt,Reptilia,Testudines,Testudines,200,PRJNA525986,SAMN11081409,PAIRED,Trachemys scripta elegans,Red-eared Slider,NA,ILLUMINA,control_3,Liver,Female,Adult,0,89.431,0,1,0,100
SRR8695401,150301554,492,126,12,IGF1_PaintedTurtle_McGaughEtAl,456,9,1,SRR8695401_Counts.txt,Reptilia,Testudines,Testudines,200,PRJNA525986,SAMN11081407,PAIRED,Trachemys scripta elegans,Red-eared Slider,NA,ILLUMINA,control_1,Liver,Female,Adult,19.737,256.098,0.072,0.928,7.2,92.8
