Category,Subcategory,Phylogenetic_Cat,Run,AvgSpotLen,BioProject,BioSample,LibraryLayout,Organism,Common Name,Strain,Platform,Sample_Name,Tissue,Sex,Age,
Reptilia,Squamates,,SRR629662,200,PRJNA183122,SAMN01823459,PAIRED,Thamnophis elegans,Western terrestrial garter snake,NA,ILLUMINA,HS23,Liver,Male,Juvenile,
Reptilia,Squamates,,SRR629667,200,PRJNA183122,SAMN01823464,PAIRED,Thamnophis elegans,Western terrestrial garter snake,NA,,HS32,Liver,Female,Juvenile,
Reptilia,Squamates,,SRR629645,200,PRJNA183121,SAMN01823440,PAIRED,Agkistrodon piscivorus,Cottonmouth ,NA,ILLUMINA,Cottonmouth snake,Liver,Female,Adult,
Reptilia,Squamates,,SRR629522,200,PRJNA183121,SAMN01823433,PAIRED,Anolis sagrei,Brown Anole,NA,ILLUMINA,Anolis lizard,Liver,Male,Adult,
Reptilia,Squamates,,SRR8700057,202,PRJNA525415,SAMN11050700,PAIRED,Basiliscus vittatus,Brown Basilisk,NA,ILLUMINA,RNAseq liver male Basiliscus vittatus,Liver,Male,Adult,
Reptilia,Squamates,,SRR8700065,202,PRJNA525415,SAMN11050694,PAIRED,Basiliscus vittatus,Brown Basilisk,NA,ILLUMINA,RNAseq liver female Basiliscus vittatus,Liver,Female,Adult,
Reptilia,Squamates,,SRR629646,200,PRJNA183121,SAMN01823442,PAIRED,Candoia aspera,New Guinea Ground Boa,NA,ILLUMINA,Viper boa,Liver,Female,Adult,
Reptilia,Squamates,,SRR1328168,202,PRJNA247733,SAMN02780864,PAIRED,Echis coloratus,Palestine Saw-scaled Viper,NA,ILLUMINA,Eco6 Liver,Liver,Female,Adult,
Reptilia,Squamates,,SRR629637,200,PRJNA183121,SAMN01823434,PAIRED,Elgaria multicarinata,Southern Alligator Lizard,NA,ILLUMINA,California Alligator Lizard,Liver,NA,NA,
Reptilia,Squamates,,SRR629643,200,PRJNA183121,SAMN01823438,PAIRED,Eublepharis macularius,Common Leopard Gecko,NA,ILLUMINA,Gecko,Liver,Male,Juvenile,
Reptilia,Squamates,,SRR7830700,202,PRJNA490698,SAMN10056032,PAIRED,Gambelia wislizenii,Long-nosed Leopard Lizard,NA,ILLUMINA,RNAseq liver female Gambelia wislizenii,Liver,Female,Adult,
Reptilia,Squamates,,SRR7830703,202,PRJNA490698,SAMN10056027,PAIRED,Iguana iguana,Green Iguana,NA,ILLUMINA,RNAseq liver feamale Iguana iguana,Liver,Female,Adult,
Reptilia,Squamates,,SRR629641,200,PRJNA183121,SAMN01823436,PAIRED,Pogona vitticeps,Central Bearded Dragon,NA,ILLUMINA,Bearded Dragon,Liver,NA,Juvenile,
Reptilia,Squamates,,SRR6825926,300,PRJNA437943,SAMN08687239,PAIRED,Sceloporus undulatus,Eastern Fence Lizard,NA,ILLUMINA,SU_1751,Liver,Male,Adult,
Reptilia,Squamates,,SRR6825938,300,PRJNA437943,SAMN08687233,PAIRED,Sceloporus undulatus,Eastern Fence Lizard,NA,ILLUMINA,SU_1732,Liver,Male,Adult,
Reptilia,Squamates,,SRR629642,200,PRJNA183121,SAMN01823437,PAIRED,Scincella lateralis,Little Brown Skink,NA,ILLUMINA,Skink,Liver,NA,Juvenile,
Reptilia,Squamates,,SRR3139467,102,PRJNA310422,SAMN04452394,PAIRED,Takydromus sexlineatus,Asian Grass Lizard,NA,ILLUMINA,"Takydromus sexlineatus female, RNA-seq of liver transcriptome",Liver,Female,Adult,
Reptilia,Squamates,,SRR629634,200,PRJNA183121,SAMN01823431,PAIRED,Thamnophis couchii,Sierra Garter Snake,NA,ILLUMINA,Western aquatic garter snake,Liver,Female,Adult,
Reptilia,Squamates,,SRR629647,200,PRJNA183121,SAMN01823441,PAIRED,Xenopeltis unicolor,Sunbeam Snake,NA,ILLUMINA,Sunbeam Snake,Liver,Female,Adult,
Reptilia,Crocodilian,,SRR629636,200,PRJNA183121,SAMN01823432,PAIRED,Alligator mississippiensis,American Alligator,NA,ILLUMINA,Alligator,Liver,Female,Adult,
Reptilia,Testudines,,SRR6180859,300,PRJNA413883,SAMN07770254,PAIRED,Pelodiscus sinensis,Chinese Softshell Turtle,NA,ILLUMINA,S7,Liver,Male,Juvenile,
Reptilia,Testudines,,SRR6180865,300,PRJNA413883,SAMN07770258,PAIRED,Pelodiscus sinensis,Chinese Softshell Turtle,NA,ILLUMINA,S11,Liver,Female,Juvenile,
Reptilia,Testudines,,SRR8695399,200,PRJNA525986,SAMN11081409,PAIRED,Trachemys scripta elegans,Red-eared Slider,NA,ILLUMINA,control_3,Liver,Female,Adult,
Reptilia,Testudines,,SRR8695401,200,PRJNA525986,SAMN11081407,PAIRED,Trachemys scripta elegans,Red-eared Slider,NA,ILLUMINA,control_1,Liver,Female,Adult,
Reptilia,Testudines,,SRR629521,200,PRJNA183121,SAMN01823443,PAIRED,Chelydra serpentina,Common Snapping Turtle,NA,ILLUMINA,Snapping turtle,Liver,NA,NA,
Reptilia,Testudines,,SRR629648,200,PRJNA183121,SAMN01823444,PAIRED,Sternotherus odoratus,Common Musk Turtle,NA,ILLUMINA,Stinkpot turtle,Liver,NA,Juvenile,
Reptilia,Testudines,,SRR629649,200,PRJNA183121,SAMN01823445,PAIRED,Pelusios castaneus,West African Mud Turtle,NA,ILLUMINA,Sideneck turtle,Liver,NA,Juvenile,
Reptilia,Testudines,,SRR629650,200,PRJNA183121,SAMN01823446,PAIRED,Terrapene carolina,Common Box Turtle,NA,ILLUMINA,Box Turtle,Liver,NA,Juvenile,
Reptilia,Testudines,,SRR4051268,202,PRJNA339452,SAMN05607802,PAIRED,Malaclemys terrapin terrapin,Diamondback Terrapin,NA,ILLUMINA,Liver,Liver,Female,Adult,
Reptilia,Testudines,,SRR4051269,202,PRJNA339452,SAMN05607802,PAIRED,Malaclemys terrapin terrapin,Diamondback Terrapin,NA,ILLUMINA,Liver,Liver,Female,Adult,
Reptilia,Aves,,SRR7244621,300,PRJNA470787,SAMN09104374,PAIRED,Aegithalos iouschistos,Rufous-fronted Bushtit,NA,ILLUMINA,HetoM1_L,Liver,Male,Adult,
Reptilia,Aves,,SRR7244626,300,PRJNA470787,SAMN09104369,PAIRED,Aegithalos iouschistos,Rufous-fronted Bushtit,NA,ILLUMINA,HetoF2_L,Liver,Female,Adult,
Reptilia,Aves,,SRR7127377,202,PRJNA459507,SAMN09069463,PAIRED,Anas platyrhynchos,Mallard ,NA,ILLUMINA,113_GGCTAC_L001,Liver,Male,Adult,
Reptilia,Aves,,SRR6382408,300,PRJNA422498,SAMN08180555,PAIRED,Arborophila rufipectus,Sichuan Partridge,NA,ILLUMINA,Arborophila-rufipectus-liver-sample,Liver,NA,Adult,
Reptilia,Aves,,SRR5237173,2804,PRJNA369257,SAMN06282498,SINGLE,Archilochus colubris,Ruby-throated Hummingbird,NA,PACBIO_SMRT,Acolubris_liver_isoseq,Liver,Male,Adult,
Reptilia,Aves,,SRR6148275,200,PRJNA369257,SAMN06282498,PAIRED,Archilochus colubris,Ruby-throated Hummingbird,NA,ILLUMINA,Acolubris_liver_isoseq,Liver,Male,Adult,
Reptilia,Aves,,SRR7127374,202,PRJNA459507,SAMN09069476,PAIRED,Cairina moschata,Muscovy Duck,NA,ILLUMINA,88-2_TTAGGC_L001,Liver,Male,Adult,
Reptilia,Aves,,SRR7127378,202,PRJNA459507,SAMN09069480,PAIRED,Cairina moschata,Muscovy Duck,NA,ILLUMINA,108-2_ATCACG_L003,Liver,Male,Adult,
Reptilia,Aves,,SRR3222215,51,PRJNA313931,SAMN04523560,SINGLE,Coturnix japonica,Japanese Quail,NA,ILLUMINA,HBCD-811 0 M,Liver,Male,Adult,
Reptilia,Aves,,SRR3222216,51,PRJNA313931,SAMN04523550,SINGLE,Coturnix japonica,Japanese Quail,NA,ILLUMINA,HBCD-818 0 F,Liver,Female,Adult,
Reptilia,Aves,,SRR6713511,150,PRJNA433114,SAMN08476471,PAIRED,Dromaius novaehollandiae,Emu,NA,ILLUMINA,emu_F1_liver,Liver,Female,Adult,
Reptilia,Aves,,SRR5693740,200,PRJNA390772,SAMN07249980,PAIRED,Eurillas virens,Little Greenbul,NA,ILLUMINA,TSRH001B,Liver,NA,Adult,
Reptilia,Aves,,SRR9617529,248,PRJNA551584,SAMN12158363,PAIRED,Ficedula albicollis,Collared Flycatcher,NA,ILLUMINA,COL01-Liver,Liver,Male,Adult,
Reptilia,Aves,,SRR9617541,248,PRJNA551584,SAMN12158378,PAIRED,Ficedula albicollis,Collared Flycatcher,NA,ILLUMINA,COL04-Liver,Liver,Male,Adult,
Reptilia,Aves,,SRR9617536,248,PRJNA551584,SAMN12158413,PAIRED,Ficedula hypoleuca,European Pied Flycatcher,NA,ILLUMINA,PIE03-Liver,Liver,Male,Adult,
Reptilia,Aves,,ERR2664214,300,PRJEB27455,SAMEA103992344,PAIRED,Gallus gallus,Chicken,NA,ILLUMINA,SAMEA103992344,Liver,NA,Adult,
Reptilia,Aves,,ERR2664215,300,PRJEB27455,SAMEA103992362,PAIRED,Gallus gallus,Chicken,NA,ILLUMINA,SAMEA103992362,Liver,NA,Adult,
Reptilia,Aves,,SRR5223631,242,PRJNA369279,SAMN08347901,PAIRED,Lonchura striata domestica,Bengalese Finch,NA,ILLUMINA,RNA_liver_female_adult,Liver,Female,Adult,
Reptilia,Aves,,SRR7244650,300,PRJNA470787,SAMN09104325,PAIRED,Lophophanes dichrous,Grey Crested Tit,NA,ILLUMINA,HeguF2_L,Liver,Female,Adult,
Reptilia,Aves,,SRR7244651,300,PRJNA470787,SAMN09104320,PAIRED,Lophophanes dichrous,Grey Crested Tit,NA,ILLUMINA,HeguF1_L,Liver,Female,Adult,
Reptilia,Aves,,SRR6713508,150,PRJNA433114,SAMN08476479,PAIRED,Nothoprocta perdicaria,Chilean Tinamou,NA,ILLUMINA,ctin_M_liver,Liver,Male,Adult,
Reptilia,Aves,,SRR7244632,300,PRJNA470787,SAMN09104420,PAIRED,Pardaliparus venustulus,Yellow-bellied Tit,NA,ILLUMINA,HufuM2_L,Liver,Male,Adult,
Reptilia,Aves,,SRR7244637,300,PRJNA470787,SAMN09104425,PAIRED,Pardaliparus venustulus,Yellow-bellied Tit,NA,ILLUMINA,HufuM3_L,Liver,Male,Adult,
Reptilia,Aves,,SRR7244690,300,PRJNA470787,SAMN09104407,PAIRED,Pardaliparus venustulus,Yellow-bellied Tit,NA,ILLUMINA,HufuF1_L,Liver,Female,Adult,
Reptilia,Aves,,SRR9644040,51,PRJNA208335,SAMN12215518,SINGLE,Parus major,Great Tit,NA,ILLUMINA,1LC_liver_F2,Liver,Female,Adult,
Reptilia,Aves,,SRR9644042,51,PRJNA208335,SAMN12215542,SINGLE,Parus major,Great Tit,NA,ILLUMINA,3LC_liver_F2,Liver,Female,Adult,
Reptilia,Aves,,SRR7244666,300,PRJNA470787,SAMN09104351,PAIRED,Periparus rubidiventris,Rufous-vented Tit,NA,ILLUMINA,HeigM2_L,Liver,Male,Adult,
Reptilia,Aves,,SRR7244667,300,PRJNA470787,SAMN09104356,PAIRED,Periparus rubidiventris,Rufous-vented Tit,NA,ILLUMINA,HeigM3_L,Liver,Male,Adult,
Reptilia,Aves,,SRR7244682,300,PRJNA470787,SAMN09104433,PAIRED,Poecile palustris,Marsh Tit,NA,ILLUMINA,ZhzeF1_L,Liver,Female,Adult,
Reptilia,Aves,,SRR7244687,300,PRJNA470787,SAMN09104428,PAIRED,Poecile palustris,Marsh Tit,NA,ILLUMINA,ZhzeF0_L,Liver,Female,Adult,
Reptilia,Aves,,SRR2915364,202,PRJNA300534,SAMN04263679,PAIRED,Serinus canaria,Atlantic Canary,NA,ILLUMINA,RED_LIV,Liver,Pooled,Adult,
Reptilia,Aves,,SRR2915372,191,PRJNA300534,SAMN04263680,PAIRED,Serinus canaria,Atlantic Canary,NA,ILLUMINA,YEL_LIV,Liver,Pooled,Adult,
Reptilia,Aves,,SRR7467391,300,PRJNA478852,SAMN09533518,PAIRED,Zonotrichia albicollis,White-throated Sparrow,NA,ILLUMINA,SparrowLiver6,Liver,Male,Adult,
Reptilia,Aves,,SRR7467392,300,PRJNA478852,SAMN09533519,PAIRED,Zonotrichia albicollis,White-throated Sparrow,NA,ILLUMINA,SparrowLiver9,Liver,Male,Adult,
Mammalia,Eutheria,Afrosoricide,SRR12442713,101,PRJNA580502,SAMN15762677,SINGLE,Echinops telfairi,Lesser Hedgehog Tenrec,NA,ILLUMINA,RNAseq from Echinops telfairi (Tenrec) female Liver,Liver,Female,Adult,
Mammalia,Eutheria,Afrosoricide,SRR12442816,101,PRJNA580502,SAMN15762683,SINGLE,Echinops telfairi,Lesser Hedgehog Tenrec,NA,ILLUMINA,RNAseq from Echinops telfairi (Tenrec) male Liver,Liver,Male,Adult,
Mammalia,Eutheria,Carnivora,SRR2308103,200,PRJNA293919,SAMN04012067,PAIRED,Ailuropoda melanoleuca,Giant Panda,NA,ILLUMINA,PandaM_liver,Liver,Male,Adult,
Mammalia,Eutheria,Carnivora,SRR11301091,300,PRJNA612421,SAMN14372113,PAIRED,Ailuropoda melanoleuca,Giant Panda,NA,ILLUMINA,aml_HT_L,Liver,Female,Adult,
Mammalia,Eutheria,Carnivora,SRR11301092,300,PRJNA612421,SAMN14372112,PAIRED,Ailuropoda melanoleuca,Giant Panda,NA,ILLUMINA,aml_CC_L,Liver,Male,Adult,
Mammalia,Eutheria,Carnivora,SRR11301095,300,PRJNA612421,SAMN14372111,PAIRED,Ailuropoda melanoleuca,Giant Panda,NA,ILLUMINA,aml_YS_L,Liver,Male,Adult,
Mammalia,Eutheria,Carnivora,SRR5889315,202,PRJNA396033,SAMN07419785,PAIRED,Canis lupus familiaris,Dog,NA,ILLUMINA,C3614_liver,Liver,Female,Juvenile,
Mammalia,Eutheria,Carnivora,SRR5889322,202,PRJNA396033,SAMN07419780,PAIRED,Canis lupus familiaris,Dog,NA,ILLUMINA,C3594_liver,Liver,Male,Juvenile,
Mammalia,Eutheria,Carnivora,SRR5889330,202,PRJNA396033,SAMN07419794,PAIRED,Canis lupus familiaris,Dog,NA,ILLUMINA,A1113_liver,Liver,Male,Juvenile,
Mammalia,Eutheria,Carnivora,SRR5889334,202,PRJNA396033,SAMN07419790,PAIRED,Canis lupus familiaris,Dog,NA,ILLUMINA,C3662_liver,Liver,Female,Juvenile,
Mammalia,Eutheria,Carnivora,ERR1331678,200,PRJEB13074,SAMEA3903338,PAIRED,Felis catus,Cat,NA,ILLUMINA,SAMEA3903338,Liver,Female,Adult,
Mammalia,Eutheria,Carnivora,ERR1331679,200,PRJEB13074,SAMEA3903339,PAIRED,Felis catus,Cat,NA,ILLUMINA,SAMEA3903339,Liver,Female,Adult,
Mammalia,Eutheria,Carnivora,ERR3417928,300,PRJEB33381,SAMEA5760411,PAIRED,Felis catus,Cat,NA,ILLUMINA,E-MTAB-8122:do22632,Liver,Male,Adult,
Mammalia,Eutheria,Carnivora,ERR3417934,300,PRJEB33381,SAMEA5760417,PAIRED,Felis catus,Cat,NA,ILLUMINA,E-MTAB-8122:do22640,Liver,Male,Adult,
Mammalia,Eutheria,Carnivora,SRR6131252,200,PRJNA413091,SAMN07736410,PAIRED,Ursus arctos,Brown Bear,NA,ILLUMINA,OLA,Liver,Female,NA,
Mammalia,Eutheria,Carnivora,SRR6131259,200,PRJNA413091,SAMN07736399,PAIRED,Ursus arctos,Brown Bear,NA,ILLUMINA,PLA,Liver,Male,NA,
Mammalia,Eutheria,Carnivora,SRR6131270,200,PRJNA413091,SAMN07736413,PAIRED,Ursus arctos,Brown Bear,NA,ILLUMINA,CLA,Liver,Female,NA,
Mammalia,Eutheria,Carnivora,SRR6131275,200,PRJNA413091,SAMN07736418,PAIRED,Ursus arctos,Brown Bear,NA,ILLUMINA,RLA,Liver,Male,NA,
Mammalia,Eutheria,Cetartiodactyla,SRR10351389,200,PRJNA579776,SAMN13133491,PAIRED,Bos taurus,Cow,NA,ILLUMINA,LH-146,Liver,Female,Adolescent,
Mammalia,Eutheria,Cetartiodactyla,SRR10351390,200,PRJNA579776,SAMN13133490,PAIRED,Bos taurus,Cow,NA,ILLUMINA,LH-132,Liver,Male,Adult,
Mammalia,Eutheria,Cetartiodactyla,SRR10351396,200,PRJNA579776,SAMN13133480,PAIRED,Bos taurus,Cow,NA,ILLUMINA,LH-070,Liver,Male,Adult,
Mammalia,Eutheria,Cetartiodactyla,SRR10351397,200,PRJNA579776,SAMN13133479,PAIRED,Bos taurus,Cow,NA,ILLUMINA,LH-048,Liver,Female,Adult,
Mammalia,Eutheria,Cetartiodactyla,SRR4183461,300,PRJNA341921,SAMN05730174,PAIRED,Bubalus bubalis,Water Buffalo,NA,ILLUMINA,A5C1,Liver,Female,Juvenile,
Mammalia,Eutheria,Cetartiodactyla,SRR4183463,300,PRJNA341921,SAMN05730174,PAIRED,Bubalus bubalis,Water Buffalo,NA,ILLUMINA,A5C1,Liver,Female,Juvenile,
Mammalia,Eutheria,Cetartiodactyla,SRR4183466,300,PRJNA341921,SAMN05730196,PAIRED,Bubalus bubalis,Water Buffalo,NA,ILLUMINA,A6C1,Liver,Male,Juvenile,
Mammalia,Eutheria,Cetartiodactyla,SRR4183467,300,PRJNA341921,SAMN05730198,PAIRED,Bubalus bubalis,Water Buffalo,NA,ILLUMINA,A6C2,Liver,Male,Juvenile,
Mammalia,Eutheria,Cetartiodactyla,SRR7755129,300,PRJNA485657,SAMN09811928,PAIRED,Ovis aries,Sheep,NA,ILLUMINA,ganzang20,Liver,Female,Adolescent,
Mammalia,Eutheria,Cetartiodactyla,SRR7755130,300,PRJNA485657,SAMN09811929,PAIRED,Ovis aries,Sheep,NA,ILLUMINA,ganzang21,Liver,Female,Adolescent,
Mammalia,Eutheria,Cetartiodactyla,SRR7755131,300,PRJNA485657,SAMN09811926,PAIRED,Ovis aries,Sheep,NA,ILLUMINA,ganzang16,Liver,Male,Adolescent,
Mammalia,Eutheria,Cetartiodactyla,SRR7755134,300,PRJNA485657,SAMN09811925,PAIRED,Ovis aries,Sheep,NA,ILLUMINA,ganzang14,Liver,Male,Adolescent,
Mammalia,Eutheria,Cetartiodactyla,SRR8271539,200,PRJNA507853,SAMN10516937,PAIRED,Sus scrofa,Wild Boar,NA,ILLUMINA,DLY5-L,Liver,Female,NA,
Mammalia,Eutheria,Cetartiodactyla,SRR8271543,200,PRJNA507853,SAMN10516933,PAIRED,Sus scrofa,Wild Boar,NA,ILLUMINA,DLY2-L,Liver,Male,NA,
Mammalia,Eutheria,Cetartiodactyla,SRR8272593,200,PRJNA507853,SAMN10517739,PAIRED,Sus scrofa,Wild Boar,NA,ILLUMINA,DLY6-L,Liver,Female,NA,
Mammalia,Eutheria,Cetartiodactyla,SRR8272597,200,PRJNA507853,SAMN10517735,PAIRED,Sus scrofa,Wild Boar,NA,ILLUMINA,DLY3-L,Liver,Male,NA,
Mammalia,Eutheria,Chiroptera,SRR7910153,202,PRJNA490553,SAMN10039882,PAIRED,Artibeus jamaicensis,Jamaican Fruit Bat,NA,ILLUMINA,Aj_01,Liver,NA,Adult,
Mammalia,Eutheria,Chiroptera,SRR7910154,202,PRJNA490553,SAMN10039883,PAIRED,Artibeus jamaicensis,Jamaican Fruit Bat,NA,ILLUMINA,Aj_02,Liver,NA,Adult,
Mammalia,Eutheria,Chiroptera,SRR7910151,202,PRJNA490553,SAMN10039884,PAIRED,Artibeus jamaicensis,Jamaican Fruit Bat,NA,ILLUMINA,Aj_03,Liver,NA,Adult,
Mammalia,Eutheria,Chiroptera,SRR7910149,202,PRJNA490553,SAMN10039886,PAIRED,Mormoops megalophylla,Ghost-faced Bat,NA,ILLUMINA,Mm_02,Liver,NA,Adult,
Mammalia,Eutheria,Chiroptera,SRR7910150,202,PRJNA490553,SAMN10039887,PAIRED,Mormoops megalophylla,Ghost-faced Bat,NA,ILLUMINA,Mm_03,Liver,NA,Adult,
Mammalia,Eutheria,Chiroptera,SRR7910152,202,PRJNA490553,SAMN10039885,PAIRED,Mormoops megalophylla,Ghost-faced Bat,NA,ILLUMINA,Mm_01,Liver,NA,Adult,
Mammalia,Eutheria,Chiroptera,SRR7910147,202,PRJNA490553,SAMN10039888,PAIRED,Myotis keaysi,Hairy-legged Myotis,NA,ILLUMINA,Mk_01,Liver,NA,Adult,
Mammalia,Eutheria,Chiroptera,SRR7910148,202,PRJNA490553,SAMN10039889,PAIRED,Myotis keaysi,Hairy-legged Myotis,NA,ILLUMINA,Mk_02,Liver,NA,Adult,
Mammalia,Eutheria,Chiroptera,SRR7910155,202,PRJNA490553,SAMN10039890,PAIRED,Myotis keaysi,Hairy-legged Myotis,NA,ILLUMINA,Mk_03,Liver,NA,Adult,
Mammalia,Eutheria,Chiroptera,SRR7910145,202,PRJNA490553,SAMN10039892,PAIRED,Nyctinomops laticaudatus,Broad-eared Bat,NA,ILLUMINA,Nl_02,Liver,NA,Adult,
Mammalia,Eutheria,Chiroptera,SRR7910156,202,PRJNA490553,SAMN10039891,PAIRED,Nyctinomops laticaudatus,Broad-eared Bat,NA,ILLUMINA,Nl_01,Liver,NA,Adult,
Mammalia,Eutheria,Chiroptera,SRR7910146,202,PRJNA490553,SAMN10039893,PAIRED,Nyctinomops laticaudatus,Broad-eared Bat,NA,ILLUMINA,Nl_03,Liver,NA,Adult,
Mammalia,Eutheria,Chiroptera,SRR7910142,202,PRJNA490553,SAMN10039896,PAIRED,Peropteryx macrotis,Lesser Dog-like Bat,NA,ILLUMINA,Pm_03,Liver,NA,Adult,
Mammalia,Eutheria,Chiroptera,SRR7910144,202,PRJNA490553,SAMN10039895,PAIRED,Peropteryx macrotis,Lesser Dog-like Bat,NA,ILLUMINA,Pm_02,Liver,NA,Adult,
Mammalia,Eutheria,Chiroptera,SRR7910143,202,PRJNA490553,SAMN10039894,PAIRED,Peropteryx macrotis,Lesser Dog-like Bat,NA,ILLUMINA,Pm_01,Liver,NA,Adult,
Mammalia,Eutheria,Chiroptera,SRR8858522,302,PRJNA531095,SAMN11349722,PAIRED,Pteropus alecto,Black Flying Fox,NA,ILLUMINA,GSM3712048,Liver,NA,Adult,
Mammalia,Eutheria,Chiroptera,SRR8858519,302,PRJNA531095,SAMN11349725,PAIRED,Pteropus alecto,Black Flying Fox,NA,ILLUMINA,GSM3712045,Liver,NA,Adult,
Mammalia,Eutheria,Chiroptera,SRR8858520,302,PRJNA531095,SAMN11349724,PAIRED,Pteropus alecto,Black Flying Fox,NA,ILLUMINA,GSM3712046,Liver,NA,Adult,
Mammalia,Eutheria,Chiroptera,SRR8858521,302,PRJNA531095,SAMN11349723,PAIRED,Pteropus alecto,Black Flying Fox,NA,ILLUMINA,GSM3712047,Liver,NA,Adult,
Mammalia,Eutheria,Chiroptera,SRR2914059,250,PRJNA300284,SAMN04262207,PAIRED,Rousettus aegyptiacus,Egyptian Fruit Bat,NA,ILLUMINA,BAT07,Liver,Female,Adult,
Mammalia,Eutheria,Chiroptera,SRR2914369,250,PRJNA300284,SAMN04262217,PAIRED,Rousettus aegyptiacus,Egyptian Fruit Bat,NA,ILLUMINA,BAT17,Liver,Male,Adult,
Mammalia,Eutheria,Chiroptera,SRR636883,102,PRJNA184055,SAMN01831900,PAIRED,Tadarida brasiliensis,Mexican Free-tailed Bat,NA,ILLUMINA,GSM1055033,Liver,Male,Adult,
Mammalia,Eutheria,Chiroptera,SRR636884,102,PRJNA184055,SAMN01831901,PAIRED,Tadarida brasiliensis,Mexican Free-tailed Bat,NA,ILLUMINA,GSM1055034,Liver,Male,Adult,
Mammalia,Eutheria,Chiroptera,SRR636885,102,PRJNA184055,SAMN01831902,PAIRED,Tadarida brasiliensis,Mexican Free-tailed Bat,NA,ILLUMINA,GSM1055035,Liver,Male,Adult,
Mammalia,Eutheria,Eulipotyphla,SRR636852,102,PRJNA184055,SAMN01831869,PAIRED,Erinaceus europaeus,European Hedgehog,NA,ILLUMINA,GSM1055002,Liver,Male,Adult,
Mammalia,Eutheria,Eulipotyphla,SRR636853,102,PRJNA184055,SAMN01831870,PAIRED,Erinaceus europaeus,European Hedgehog,NA,ILLUMINA,GSM1055003,Liver,Male,Adult,
Mammalia,Eutheria,Eulipotyphla,SRR636878,102,PRJNA184055,SAMN01831895,PAIRED,Suncus murinus,Asian House Shrew,NA,ILLUMINA,GSM1055028,Liver,Male,Adult,
Mammalia,Eutheria,Eulipotyphla,SRR636879,102,PRJNA184055,SAMN01831896,PAIRED,Suncus murinus,Asian House Shrew,NA,ILLUMINA,GSM1055029,Liver,Male,Adult,
Mammalia,Eutheria,Eulipotyphla,SRR636880,102,PRJNA184055,SAMN01831897,PAIRED,Suncus murinus,Asian House Shrew,NA,ILLUMINA,GSM1055030,Liver,Male,Adult,
Mammalia,Eutheria,Eulipotyphla,SRR12442732,101,PRJNA580502,SAMN15762662,SINGLE,Atelerix albiventris,Four-toed Hedgehog,NA,ILLUMINA,RNAseq from Atelerix albiventris (Hedgehog) male Liver,Liver,Male,Adult,
Mammalia,Eutheria,Eulipotyphla,SRR12442739,101,PRJNA580502,SAMN15762656,SINGLE,Atelerix albiventris,Four-toed Hedgehog,NA,ILLUMINA,RNAseq from Atelerix albiventris (Hedgehog) female Liver,Liver,Female,Adult,
Mammalia,Eutheria,Lagomorpha,SRR5133280,202,PRJNA358867,SAMN06186761,PAIRED,Lepus timidus,Mountain Hare,NA,ILLUMINA,Ltim_Ireland_3102,Liver,Male,Adult,
Mammalia,Eutheria,Lagomorpha,SRR5133281,202,PRJNA358867,SAMN06186728,PAIRED,Lepus timidus,Mountain Hare,NA,ILLUMINA,Ltim_Alps_3113,Liver,Female,Adult,
Mammalia,Eutheria,Lagomorpha,SRR5133282,202,PRJNA358867,SAMN06186748,PAIRED,Lepus timidus,Mountain Hare,NA,ILLUMINA,Ltim_Ireland_3101,Liver,Female,Adult,
Mammalia,Eutheria,Lagomorpha,SRR5133286,202,PRJNA358867,SAMN06186729,PAIRED,Lepus timidus,Mountain Hare,NA,ILLUMINA,Ltim_Alps_3114,Liver,Male,Adult,
Mammalia,Eutheria,Perissodactyla,SRR10140550,252,PRJNA566207,SAMN12784275,PAIRED,Equus caballus,Horse,NA,ILLUMINA,AH2_Liver,Liver,Female,Adult,
Mammalia,Eutheria,Perissodactyla,ERR3417940,300,PRJEB33381,SAMEA5760424,PAIRED,Equus caballus,Horse,NA,ILLUMINA,E-MTAB-8122:do22647,Liver,Male,Adult,
Mammalia,Eutheria,Perissodactyla,ERR3417956,300,PRJEB33381,SAMEA5760440,PAIRED,Equus caballus,Horse,NA,ILLUMINA,E-MTAB-8122:do22665,Liver,Male,Adult,
Mammalia,Eutheria,Perissodactyla,SRR10140551,252,PRJNA566207,SAMN12784274,PAIRED,Equus caballus,Horse,NA,ILLUMINA,AH1_Liver,Liver,Female,Adult,
Mammalia,Eutheria,Pholidota,SRR7641080,298,PRJNA484322,SAMN09762699,PAIRED,Manis javanica,Sunda Pangolin,NA,ILLUMINA,ManisN-9,Liver,Female,Adult,
Mammalia,Eutheria,Pholidota,SRR7641081,298,PRJNA484322,SAMN09762700,PAIRED,Manis javanica,Sunda Pangolin,NA,ILLUMINA,ManisN-10,Liver,Female,Adult,
Mammalia,Eutheria,Pholidota,SRR7641087,298,PRJNA484322,SAMN09762701,PAIRED,Manis javanica,Sunda Pangolin,NA,ILLUMINA,ManisN-11,Liver,Female,Adult,
Mammalia,Eutheria,Pholidota,SRR7641088,298,PRJNA484322,SAMN09762702,PAIRED,Manis javanica,Sunda Pangolin,NA,ILLUMINA,ManisN-12,Liver,Female,Adult,
Mammalia,Eutheria,Primate,ERR3417970,300,PRJEB33381,SAMEA5760454,PAIRED,Callithrix jacchus,Common Marmoset,NA,ILLUMINA,E-MTAB-8122:do22680,Liver,Male,Adult,
Mammalia,Eutheria,Primate,ERR1331675,200,PRJEB13074,SAMEA3903335,PAIRED,Callithrix jacchus,Common Marmoset,NA,ILLUMINA,SAMEA3903335,Liver,Male,Adult,
Mammalia,Eutheria,Primate,ERR3417975,300,PRJEB33381,SAMEA5760459,PAIRED,Callithrix jacchus,Common Marmoset,NA,ILLUMINA,E-MTAB-8122:do22685,Liver,Male,Adult,
Mammalia,Eutheria,Primate,ERR3417938,300,PRJEB33381,SAMEA5760422,PAIRED,Callithrix jacchus,Common Marmoset,NA,ILLUMINA,E-MTAB-8122:do22645,Liver,Female,Adult,
Mammalia,Eutheria,Primate,ERR1331699,200,PRJEB13074,SAMEA3903359,PAIRED,Chlorocebus sabaeus,Green Monkey,NA,ILLUMINA,SAMEA3903359,Liver,Female,Adult,
Mammalia,Eutheria,Primate,ERR1331700,200,PRJEB13074,SAMEA3903360,PAIRED,Chlorocebus sabaeus,Green Monkey,NA,ILLUMINA,SAMEA3903360,Liver,Female,Adult,
Mammalia,Eutheria,Primate,ERR1331702,200,PRJEB13074,SAMEA3903362,PAIRED,Chlorocebus sabaeus,Green Monkey,NA,ILLUMINA,SAMEA3903362,Liver,Female,Adult,
Mammalia,Eutheria,Primate,ERR1331686,200,PRJEB13074,SAMEA3903346,PAIRED,Macaca mulatta,Rhesus Macaque,NA,ILLUMINA,SAMEA3903346,Liver,Male,Adult,
Mammalia,Eutheria,Primate,ERR1331687,200,PRJEB13074,SAMEA3903347,PAIRED,Macaca mulatta,Rhesus Macaque,NA,ILLUMINA,SAMEA3903347,Liver,Female,Adult,
Mammalia,Eutheria,Primate,ERR1331689,200,PRJEB13074,SAMEA3903349,PAIRED,Macaca mulatta,Rhesus Macaque,NA,ILLUMINA,SAMEA3903349,Liver,Male,Adult,
Mammalia,Eutheria,Primate,ERR1331688,200,PRJEB13074,SAMEA3903348,PAIRED,Macaca mulatta,Rhesus Macaque,NA,ILLUMINA,SAMEA3903348,Liver,Male,Adult,
Mammalia,Eutheria,Primate,ERR420388,202,PRJEB5297,SAMEA2341985,PAIRED,Homo sapiens,Human,NA,ILLUMINA,SAMEA2341985,Liver,Male,Adult,
Mammalia,Eutheria,Primate,ERR420389,202,PRJEB5297,SAMEA2341985,PAIRED,Homo sapiens,Human,NA,ILLUMINA,SAMEA2341985,Liver,Male,Adult,
Mammalia,Eutheria,Primate,ERR420390,202,PRJEB5297,SAMEA2341985,PAIRED,Homo sapiens,Human,NA,ILLUMINA,SAMEA2341985,Liver,Male,Adult,
Mammalia,Eutheria,Primate,ERR420393,202,PRJEB5297,SAMEA2341985,PAIRED,Homo sapiens,Human,NA,ILLUMINA,SAMEA2341985,Liver,Male,Adult,
Mammalia,Eutheria,Primate,ERR1331693,200,PRJEB13074,SAMEA3903353,PAIRED,Homo sapiens,Human,NA,ILLUMINA,SAMEA3903353,Liver,NA,Adult,
Mammalia,Eutheria,Primate,ERR1331713,200,PRJEB13074,SAMEA3903373,PAIRED,Homo sapiens,Human,NA,ILLUMINA,SAMEA3903373,Liver,NA,Adult,
Mammalia,Eutheria,Rodentia,ERR2592686,101,PRJEB26889,SAMEA4680895,SINGLE,Rattus norvegicus,Brown Rat,NA,ILLUMINA,SAMEA4680895,Liver,Female,Adult,
Mammalia,Eutheria,Rodentia,ERR2592690,101,PRJEB26889,SAMEA4680899,SINGLE,Rattus norvegicus,Brown Rat,NA,ILLUMINA,SAMEA4680899,Liver,Female,Adult,
Mammalia,Eutheria,Rodentia,ERR2592694,101,PRJEB26889,SAMEA4680903,SINGLE,Rattus norvegicus,Brown Rat,NA,ILLUMINA,SAMEA4680903,Liver,Male,Adult,
Mammalia,Eutheria,Rodentia,ERR2592698,101,PRJEB26889,SAMEA4680907,SINGLE,Rattus norvegicus,Brown Rat,NA,ILLUMINA,SAMEA4680907,Liver,Male,Adult,
Mammalia,Eutheria,Scandentia,ERR1331667,200,PRJEB13074,SAMEA3903327,PAIRED,Tupaia belangeri,Northern Treeshrew,NA,ILLUMINA,SAMEA3903327,Liver,Male,Adult,
Mammalia,Eutheria,Scandentia,ERR1331707,200,PRJEB13074,SAMEA3903367,PAIRED,Tupaia belangeri,Northern Treeshrew,NA,ILLUMINA,SAMEA3903367,Liver,Male,Adult,
Mammalia,Eutheria,Scandentia,ERR1331708,200,PRJEB13074,SAMEA3903368,PAIRED,Tupaia belangeri,Northern Treeshrew,NA,ILLUMINA,SAMEA3903368,Liver,Female,Adult,
Mammalia,Eutheria,Scandentia,ERR1331709,200,PRJEB13074,SAMEA3903369,PAIRED,Tupaia belangeri,Northern Treeshrew,NA,ILLUMINA,SAMEA3903369,Liver,Female,Adult,
Mammalia,Eutheria,Scandentia,SRR12442725,101,PRJNA580502,SAMN15762588,SINGLE,Tupaia belangeri,Northern Treeshrew,NA,ILLUMINA,RNAseq from Tupaia belangeri (Tree shrew) male Liver,Liver,Male,Adult,
Mammalia,Eutheria,Scandentia,SRR12442780,101,PRJNA580502,SAMN15762583,SINGLE,Tupaia belangeri,Northern Treeshrew,NA,ILLUMINA,RNAseq from Tupaia belangeri (Tree shrew) female Liver,Liver,Female,Adult,
Mammalia,Eutheria,Xenarthra ,SRR10066842,302,PRJNA516733,SAMN12691454,PAIRED,Choloepus didactylus,Two-toed Sloth,NA,ILLUMINA,mChoDid1_liver_RNA,Liver,Male,Adult,
Mammalia,Eutheria,Xenarthra ,SRR11580492,302,PRJNA516733,SAMN14650902,PAIRED,Choloepus didactylus,Two-toed Sloth,NA,ILLUMINA,Liver_mChoDid1,Liver,Male,Adult,
Mammalia,Eutheria,Xenarthra,SRR12442716,101,PRJNA580502,SAMN15762674,SINGLE,Dasypus novemcinctus,Nine-banded Armadillo,NA,ILLUMINA,RNAseq from Dasypus novemcinctus (Amadillo) male Liver,Liver,Male,Adult,
Mammalia,Eutheria,Xenarthra,SRR12442726,101,PRJNA580502,SAMN15762668,SINGLE,Dasypus novemcinctus,Nine-banded Armadillo,NA,ILLUMINA,RNAseq from Dasypus novemcinctus (Amadillo) female Liver,Liver,Female,Adult,
Mammalia,Eutheria,Rodentia,SRR1181738,202,PRJNA237340,SAMN02650563,PAIRED,Mus musculus,House Mouse,129S1/SvImJ,ILLUMINA,6 Months Old Adult 1 Liver (Strain 129S1/SvImJ),Liver,Male,Adult,
Mammalia,Eutheria,Rodentia,SRR1181764,202,PRJNA237340,SAMN02650573,PAIRED,Mus musculus,House Mouse,129S1/SvImJ,ILLUMINA,6 Months Old Adult 2 Liver (Strain 129S1/SvImJ),Liver,Male,Adult,
Mammalia,Eutheria,Rodentia,SRR7009328,152,PRJNA450232,SAMN08932684,PAIRED,Mus musculus,House Mouse,C57BL/6J,ILLUMINA,Liver_RNA_wildtype_4,Liver,Male,Adult,
Mammalia,Eutheria,Rodentia,SRR7009329,152,PRJNA450232,SAMN08932684,PAIRED,Mus musculus,House Mouse,C57BL/6J,ILLUMINA,Liver_RNA_wildtype_4,Liver,Male,Adult,
Mammalia,Eutheria,Rodentia,SRR7009326,152,PRJNA450232,SAMN08932681,PAIRED,Mus musculus,House Mouse,C57BL/6J,ILLUMINA,Liver_RNA_wildtype_1,Liver,Female,Adult,
Mammalia,Eutheria,Rodentia,SRR7009327,152,PRJNA450232,SAMN08932681,PAIRED,Mus musculus,House Mouse,C57BL/6J,ILLUMINA,Liver_RNA_wildtype_1,Liver,Female,Adult,
Mammalia,Eutheria,Rodentia,SRR7009322,152,PRJNA450232,SAMN08932683,PAIRED,Mus musculus,House Mouse,C57BL/6J,ILLUMINA,Liver_RNA_wildtype_3,Liver,Female,Adult,
Mammalia,Eutheria,Rodentia,SRR7009323,152,PRJNA450232,SAMN08932683,PAIRED,Mus musculus,House Mouse,C57BL/6J,ILLUMINA,Liver_RNA_wildtype_3,Liver,Female,Adult,
Mammalia,Eutheria,Rodentia,SRR7009320,152,PRJNA450232,SAMN08932682,PAIRED,Mus musculus,House Mouse,C57BL/6J,ILLUMINA,Liver_RNA_wildtype_2,Liver,Female,Adult,
Mammalia,Eutheria,Rodentia,SRR7009321,152,PRJNA450232,SAMN08932682,PAIRED,Mus musculus,House Mouse,C57BL/6J,ILLUMINA,Liver_RNA_wildtype_2,Liver,Female,Adult,
Mammalia,Eutheria,Rodentia,SRR7009308,152,PRJNA450232,SAMN08932686,PAIRED,Mus musculus,House Mouse,C57BL/6J,ILLUMINA,Liver_RNA_wildtype_6,Liver,Male,Adult,
Mammalia,Eutheria,Rodentia,SRR7009309,152,PRJNA450232,SAMN08932686,PAIRED,Mus musculus,House Mouse,C57BL/6J,ILLUMINA,Liver_RNA_wildtype_6,Liver,Male,Adult,
Mammalia,Eutheria,Rodentia,SRR7009306,152,PRJNA450232,SAMN08932685,PAIRED,Mus musculus,House Mouse,C57BL/6J,ILLUMINA,Liver_RNA_wildtype_5,Liver,Male,Adult,
Mammalia,Eutheria,Rodentia,SRR7009307,152,PRJNA450232,SAMN08932685,PAIRED,Mus musculus,House Mouse,C57BL/6J,ILLUMINA,Liver_RNA_wildtype_5,Liver,Male,Adult,
Mammalia,Eutheria,Rodentia,SRR3401610,202,PRJNA318858,SAMN04868807,PAIRED,Mus musculus,House Mouse,C57BLKS,ILLUMINA,Normal_C1,Liver,Male,Adult,
Mammalia,Eutheria,Rodentia,SRR3401616,202,PRJNA318858,SAMN04868808,PAIRED,Mus musculus,House Mouse,C57BLKS,ILLUMINA,Normal C2,Liver,Male,Adult,
Mammalia,Eutheria,Rodentia,SRR1810235,198,PRJNA275761,SAMN03352441,PAIRED,Mus musculus,House Mouse,CD-1 (Charles River),ILLUMINA,GSM1612540,Liver,Female,Adult,
Mammalia,Eutheria,Rodentia,SRR1810234,198,PRJNA275761,SAMN03352451,PAIRED,Mus musculus,House Mouse,CD-1 (Charles River),ILLUMINA,GSM1612539,Liver,Female,Adult,
Mammalia,Eutheria,Rodentia,SRR1810232,198,PRJNA275761,SAMN03352470,PAIRED,Mus musculus,House Mouse,CD-1 (Charles River),ILLUMINA,GSM1612537,Liver,Female,Adult,
Mammalia,Eutheria,Rodentia,SRR1810233,198,PRJNA275761,SAMN03352474,PAIRED,Mus musculus,House Mouse,CD-1 (Charles River),ILLUMINA,GSM1612538,Liver,Female,Adult,
Mammalia,Eutheria,Rodentia,SRR1810230,198,PRJNA275761,SAMN03352471,PAIRED,Mus musculus,House Mouse,CD-1 (Charles River),ILLUMINA,GSM1612535,Liver,Male,Adult,
Mammalia,Eutheria,Rodentia,SRR1810231,198,PRJNA275761,SAMN03352466,PAIRED,Mus musculus,House Mouse,CD-1 (Charles River),ILLUMINA,GSM1612536,Liver,Male,Adult,
Mammalia,Eutheria,Rodentia,SRR1810229,198,PRJNA275761,SAMN03352442,PAIRED,Mus musculus,House Mouse,CD-1 (Charles River),ILLUMINA,GSM1612534,Liver,Male,Adult,
Mammalia,Eutheria,Rodentia,SRR1810228,198,PRJNA275761,SAMN03352457,PAIRED,Mus musculus,House Mouse,CD-1 (Charles River),ILLUMINA,GSM1612533,Liver,Male,Adult,
Mammalia,Eutheria,Rodentia,SRR5512751,100,PRJNA385602,SAMN06894571,PAIRED,Mus musculus,House Mouse,"Crl:CD1(ICR) (Charles River, strain code #022)",ILLUMINA,GSM2601325,Liver,Male,Adult,
Mammalia,Eutheria,Rodentia,SRR5512750,100,PRJNA385602,SAMN06894572,PAIRED,Mus musculus,House Mouse,"Crl:CD1(ICR) (Charles River, strain code #022)",ILLUMINA,GSM2601324,Liver,Male,Adult,
Mammalia,Eutheria,Rodentia,SRR5512752,100,PRJNA385602,SAMN06894570,PAIRED,Mus musculus,House Mouse,"Crl:CD1(ICR) (Charles River, strain code #022)",ILLUMINA,GSM2601326,Liver,Male,Adult,
Mammalia,Eutheria,Rodentia,SRR5512753,100,PRJNA385602,SAMN06894569,PAIRED,Mus musculus,House Mouse,"Crl:CD1(ICR) (Charles River, strain code #022)",ILLUMINA,GSM2601327,Liver,Female,Adult,
Mammalia,Eutheria,Rodentia,SRR5512754,100,PRJNA385602,SAMN06894568,PAIRED,Mus musculus,House Mouse,"Crl:CD1(ICR) (Charles River, strain code #022)",ILLUMINA,GSM2601328,Liver,Female,Adult,
Mammalia,Eutheria,Rodentia,SRR5512755,100,PRJNA385602,SAMN06894567,PAIRED,Mus musculus,House Mouse,"Crl:CD1(ICR) (Charles River, strain code #022)",ILLUMINA,GSM2601329,Liver,Female,Adult,
Mammalia,Eutheria,Rodentia,SRR2532572,602,PRJNA296513,SAMN04103690,PAIRED,Mus musculus domesticus,House Mouse,f1 son of wild house mouse,ILLUMINA,TAS295,Liver,Male,Adult,
Mammalia,Eutheria,Rodentia,SRR3167002,602,PRJNA296513,SAMN04103690,PAIRED,Mus musculus domesticus,House Mouse,f1 son of wild house mouse,ILLUMINA,TAS295,Liver,Male,Adult,
Mammalia,Eutheria,Rodentia,SRR2532454,602,PRJNA296513,SAMN04103681,PAIRED,Mus musculus domesticus,House Mouse,f1 son of wild house mouse,ILLUMINA,TAS286,Liver,Male,Adult,
Mammalia,Eutheria,Rodentia,SRR3166993,602,PRJNA296513,SAMN04103681,PAIRED,Mus musculus domesticus,House Mouse,f1 son of wild house mouse,ILLUMINA,TAS286,Liver,Male,Adult,
Mammalia,Eutheria,Rodentia,SRR2532453,602,PRJNA296513,SAMN04103680,PAIRED,Mus musculus domesticus,House Mouse,f1 son of wild house mouse,ILLUMINA,TAS285,Liver,Male,Adult,
Mammalia,Eutheria,Rodentia,SRR2532573,602,PRJNA296513,SAMN04103691,PAIRED,Mus musculus domesticus,House Mouse,f1 son of wild house mouse,ILLUMINA,TAS296,Liver,Male,Adult,
Mammalia,Eutheria,Rodentia,SRR3167003,602,PRJNA296513,SAMN04103691,PAIRED,Mus musculus domesticus,House Mouse,f1 son of wild house mouse,ILLUMINA,TAS296,Liver,Male,Adult,
Mammalia,Eutheria,Rodentia,SRR2532578,602,PRJNA296513,SAMN04103695,PAIRED,Mus musculus domesticus,House Mouse,f1 son of wild house mouse,ILLUMINA,TAS340,Liver,Male,Adult,
Mammalia,Eutheria,Rodentia,SRR3167007,602,PRJNA296513,SAMN04103695,PAIRED,Mus musculus domesticus,House Mouse,f1 son of wild house mouse,ILLUMINA,TAS340,Liver,Male,Adult,
Mammalia,Eutheria,Rodentia,SRR2532577,602,PRJNA296513,SAMN04103694,PAIRED,Mus musculus domesticus,House Mouse,f1 son of wild house mouse,ILLUMINA,TAS339,Liver,Male,Adult,
Mammalia,Eutheria,Rodentia,SRR2532576,602,PRJNA296513,SAMN04103693,PAIRED,Mus musculus domesticus,House Mouse,f1 son of wild house mouse,ILLUMINA,TAS338,Liver,Male,Adult,
Mammalia,Eutheria,Rodentia,SRR3167006,602,PRJNA296513,SAMN04103693,PAIRED,Mus musculus domesticus,House Mouse,f1 son of wild house mouse,ILLUMINA,TAS338,Liver,Male,Adult,
Mammalia,Eutheria,Rodentia,SRR2532575,443,PRJNA296513,SAMN04103692,PAIRED,Mus musculus domesticus,House Mouse,f1 son of wild house mouse,ILLUMINA,TAS298,Liver,Male,Adult,
Mammalia,Eutheria,Rodentia,SRR2532556,602,PRJNA296513,SAMN04103682,PAIRED,Mus musculus domesticus,House Mouse,f1 son of wild house mouse,ILLUMINA,TAS287,Liver,Male,Adult,
Mammalia,Eutheria,Rodentia,SRR3166995,602,PRJNA296513,SAMN04103682,PAIRED,Mus musculus domesticus,House Mouse,f1 son of wild house mouse,ILLUMINA,TAS287,Liver,Male,Adult,
Mammalia,Eutheria,Rodentia,SRR2532580,602,PRJNA296513,SAMN04103697,PAIRED,Mus musculus domesticus,House Mouse,f1 son of wild house mouse,ILLUMINA,TAS360,Liver,Male,Adult,
Mammalia,Eutheria,Rodentia,SRR2532579,602,PRJNA296513,SAMN04103696,PAIRED,Mus musculus domesticus,House Mouse,f1 son of wild house mouse,ILLUMINA,TAS359,Liver,Male,Adult,
Mammalia,Eutheria,Rodentia,SRR3167008,602,PRJNA296513,SAMN04103696,PAIRED,Mus musculus domesticus,House Mouse,f1 son of wild house mouse,ILLUMINA,TAS359,Liver,Male,Adult,
Mammalia,Eutheria,Rodentia,SRR2532569,602,PRJNA296513,SAMN04103687,PAIRED,Mus musculus domesticus,House Mouse,f1 son of wild house mouse,ILLUMINA,TAS292,Liver,Male,Adult,
Mammalia,Eutheria,Rodentia,SRR3167000,602,PRJNA296513,SAMN04103687,PAIRED,Mus musculus domesticus,House Mouse,f1 son of wild house mouse,ILLUMINA,TAS292,Liver,Male,Adult,
Mammalia,Eutheria,Rodentia,SRR2532568,602,PRJNA296513,SAMN04103686,PAIRED,Mus musculus domesticus,House Mouse,f1 son of wild house mouse,ILLUMINA,TAS291,Liver,Male,Adult,
Mammalia,Eutheria,Rodentia,SRR3166999,602,PRJNA296513,SAMN04103686,PAIRED,Mus musculus domesticus,House Mouse,f1 son of wild house mouse,ILLUMINA,TAS291,Liver,Male,Adult,
Mammalia,Eutheria,Rodentia,SRR2532567,602,PRJNA296513,SAMN04103685,PAIRED,Mus musculus domesticus,House Mouse,f1 son of wild house mouse,ILLUMINA,TAS290,Liver,Male,Adult,
Mammalia,Eutheria,Rodentia,SRR3166998,602,PRJNA296513,SAMN04103685,PAIRED,Mus musculus domesticus,House Mouse,f1 son of wild house mouse,ILLUMINA,TAS290,Liver,Male,Adult,
Mammalia,Eutheria,Rodentia,SRR2532566,602,PRJNA296513,SAMN04103684,PAIRED,Mus musculus domesticus,House Mouse,f1 son of wild house mouse,ILLUMINA,TAS289,Liver,Male,Adult,
Mammalia,Eutheria,Rodentia,SRR3166997,602,PRJNA296513,SAMN04103684,PAIRED,Mus musculus domesticus,House Mouse,f1 son of wild house mouse,ILLUMINA,TAS289,Liver,Male,Adult,
Mammalia,Eutheria,Rodentia,SRR2532565,602,PRJNA296513,SAMN04103683,PAIRED,Mus musculus domesticus,House Mouse,f1 son of wild house mouse,ILLUMINA,TAS288,Liver,Male,Adult,
Mammalia,Eutheria,Rodentia,SRR3166996,602,PRJNA296513,SAMN04103683,PAIRED,Mus musculus domesticus,House Mouse,f1 son of wild house mouse,ILLUMINA,TAS288,Liver,Male,Adult,
Mammalia,Eutheria,Rodentia,SRR2532571,602,PRJNA296513,SAMN04103689,PAIRED,Mus musculus domesticus,House Mouse,f1 son of wild house mouse,ILLUMINA,TAS294,Liver,Male,Adult,
Mammalia,Eutheria,Rodentia,SRR3167001,602,PRJNA296513,SAMN04103689,PAIRED,Mus musculus domesticus,House Mouse,f1 son of wild house mouse,ILLUMINA,TAS294,Liver,Male,Adult,
Mammalia,Eutheria,Rodentia,SRR2532570,602,PRJNA296513,SAMN04103688,PAIRED,Mus musculus domesticus,House Mouse,f1 son of wild house mouse,ILLUMINA,TAS293,Liver,Male,Adult,
Mammalia,Eutheria,Rodentia,SRR1917378,202,PRJNA278684,SAMN03421364,PAIRED,Mus musculus,House Mouse,FVB,ILLUMINA,GSM1635954,Liver,NA,Adult,
Mammalia,Eutheria,Rodentia,SRR1917379,202,PRJNA278684,SAMN03421358,PAIRED,Mus musculus,House Mouse,FVB,ILLUMINA,GSM1635955,Liver,NA,Adult,
Mammalia,Eutheria,Rodentia,SRR1181912,202,PRJNA237340,SAMN02650707,PAIRED,Mus musculus,House Mouse,FVB.129P2,ILLUMINA,FMRP+/+ (Wildtype) Adult 1 Liver,Liver,Male,Adult,
Mammalia,Eutheria,Rodentia,SRR1181928,202,PRJNA237340,SAMN02650719,PAIRED,Mus musculus,House Mouse,FVB.129P2,ILLUMINA,FMRP+/+ (Wildtype) Adult 2 Liver,Liver,Male,Adult,
Mammalia,Eutheria,Rodentia,SRR1181786,202,PRJNA237340,SAMN02650584,PAIRED,Mus musculus,House Mouse,FVB/N,ILLUMINA,4 Months Old Adult 1 Liver (Strain FVB/N),Liver,Female,Adult,
Mammalia,Eutheria,Rodentia,SRR1181797,202,PRJNA237340,SAMN02650595,PAIRED,Mus musculus,House Mouse,FVB/N,ILLUMINA,4 Months Old Adult 2 Liver (Strain FVB/N),Liver,Female,Adult,
Mammalia,Eutheria,Rodentia,SRR3085973,200,PRJNA305855,SAMN04334861,PAIRED,Mus musculus,House Mouse,FVB/NJxCAST/EiJ,ILLUMINA,GSM1970866,Liver,Female,Adult,
Mammalia,Eutheria,Rodentia,SRR3085972,200,PRJNA305855,SAMN04334860,PAIRED,Mus musculus,House Mouse,FVB/NJxCAST/EiJ,ILLUMINA,GSM1970865,Liver,Female,Adult,
Mammalia,Eutheria,Rodentia,SRR3452302,202,PRJNA319673,SAMN04903192,PAIRED,Mus musculus,House Mouse,NMRI,ILLUMINA,U1,Liver,Male,Adult,
Mammalia,Eutheria,Rodentia,SRR3452303,202,PRJNA319673,SAMN04903220,PAIRED,Mus musculus,House Mouse,NMRI,ILLUMINA,U2,Liver,Male,Adult,
Mammalia,Eutheria,Rodentia,SRR7749326,200,PRJNA412620,SAMN07717107,PAIRED,Mus musculus domesticus,House Mouse,NY(MJS19x13),ILLUMINA,NY14_liver,Liver,Male,Adult,
Mammalia,Eutheria,Rodentia,SRR7749327,200,PRJNA412620,SAMN07717106,PAIRED,Mus musculus domesticus,House Mouse,NY(MJS34x38),ILLUMINA,NY12_liver,Liver,Male,Adult,
Mammalia,Eutheria,Rodentia,SRR7749323,200,PRJNA412620,SAMN07717100,PAIRED,Mus musculus domesticus,House Mouse,NY(MJS39x80),ILLUMINA,DL131_liver,Liver,Male,Adult,
Mammalia,Eutheria,Rodentia,SRR7749308,200,PRJNA412620,SAMN07717108,PAIRED,Mus musculus domesticus,House Mouse,NY(MJS44x42),ILLUMINA,NY22_liver,Liver,Male,Adult,
Mammalia,Eutheria,Rodentia,SRR7749299,200,PRJNA412620,SAMN07717095,PAIRED,Mus musculus domesticus,House Mouse,NY(MJS44x42),ILLUMINA,DL124_liver,Liver,Male,Adult,
Mammalia,Eutheria,Rodentia,SRR7749311,200,PRJNA412620,SAMN07717097,PAIRED,Mus musculus domesticus,House Mouse,NY(MJS82x81),ILLUMINA,DL126_liver,Liver,Male,Adult,
Mammalia,Eutheria,Rodentia,SRR7749309,200,PRJNA412620,SAMN07717109,PAIRED,Mus musculus domesticus,House Mouse,NY(MJS83x80),ILLUMINA,NY9_liver,Liver,Male,Adult,
Mammalia,Eutheria,Rodentia,SRR7749296,200,PRJNA412620,SAMN07717096,PAIRED,Mus musculus domesticus,House Mouse,NY(MJS9x11),ILLUMINA,DL125_liver,Liver,Male,Adult,
Mammalia,Eutheria,Rodentia,SRR5803035,300,PRJNA392959,SAMN07313079,PAIRED,Mus musculus,House Mouse,Swiss,ILLUMINA,Ctrl-Liver,Liver,Female,Adult,
Mammalia,Eutheria,Rodentia,SRR5803036,300,PRJNA392959,SAMN07313079,PAIRED,Mus musculus,House Mouse,Swiss,ILLUMINA,Ctrl-Liver,Liver,Female,Adult,
Mammalia,Methatheria,,ERR1331668,200,PRJEB13074,SAMEA3903328,PAIRED,Monodelphis domestica,Gray short-tailed oppossum,NA,Illumina,SAMEA3903328,Liver,male,adult,
Mammalia,Methatheria,,ERR1331704,200,PRJEB13074,SAMEA3903364,PAIRED,Sarcophilus harrisii,Tasmanian devil,NA,Illumina,SAMEA3903364,Liver,male,adult,
Mammalia,Methatheria,,ERR1331710,250,PRJEB13074,SAMEA3903370,PAIRED,Monodelphis domestica,Gray short-tailed oppossum,NA,Illumina,SAMEA3903370,Liver,male,adult,
Mammalia,Methatheria,,ERR1331711,200,PRJEB13074,SAMEA3903371,PAIRED,Sarcophilus harrisii,Tasmanian devil,NA,Illumina,SAMEA3903371,Liver,female,adult,
Mammalia,Methatheria,,SRR5840031,200,PRJNA394906,SAMN07363071,PAIRED,Perameles nasuta,long-nosed bandicoot,NA,Illumina,Liver,Liver,male,adult,
Mammalia,Methatheria,,ERR2716205,199,PRJEB27887,SAMEA4802532,PAIRED,Vombatus ursinus,common wombat,NA,Illumina,SAMEA4802532,Liver,,,
Mammalia,Methatheria,,ERR2716206,200,PRJEB27887,SAMEA4802532,PAIRED,Vombatus ursinus,common wombat,NA,Illumina,SAMEA4802532,Liver,,,
Mammalia,Methatheria,,SRR3901713,202,PRJNA323970,SAMN05185327,PAIRED,Isoodon obesulus,southern brown bandicoot,NA,Illumina,Isoodon obesulus (SAMA M20845),Liver,missing,,
Mammalia,Methatheria,,SRR3901714,202,PRJNA323970,SAMN05185328,PAIRED,Dactylopsila trivirgata,striped possum,NA,Illumina,Dactylopsila trivirgata (AMS M19063),Liver,missing,,
Mammalia,Methatheria,,SRR3901718,202,PRJNA323970,SAMN05185332,PAIRED,Cercartetus concinnus,western pygmy possum,NA,Illumina,Cercartetus concinnus (SAMA M21826),Liver,missing,,
Mammalia,Monotreme,,SRR5412237,101,PRJNA381064,SAMN06679885,SINGLE,Ornithorhynchus anatinus,platypus,NA,Illumina,GSM2563098,Liver,male,adult,